timestamp,temp
1492108207,22.0
1492108562,22.5
1492108623,21.5
1492108682,21.5
1492108743,22.0
1492108803,22.5
1492108862,23.0
1492108923,23.0
1492108983,23.5
1492109043,23.0
1492109102,22.0
1492109163,21.5
1492109223,21.5
1492109282,22.0
1492109343,22.5
1492109402,23.0
1492109462,23.0
1492109522,23.5
1492109583,23.0
1492109643,22.5
1492109702,21.5
1492109762,21.0
1492109823,21.5
1492109883,22.0
1492109942,22.5
1492110002,23.0
1492110063,23.0
1492110122,23.5
1492110182,23.0
1492110243,22.0
1492110303,21.5
1492110362,21.5
1492110422,21.5
1492110483,22.0
1492110543,22.5
1492110602,23.0
1492110662,23.5
1492110723,23.0
1492110783,22.5
1492110842,21.5
1492110903,21.5
1492110963,21.5
1492111022,22.0
1492111083,22.5
1492111143,23.0
1492111202,23.5
1492111263,23.0
1492111323,22.0
1492111383,21.5
1492111442,21.0
1492111503,21.5
1492111563,22.0
1492111622,0.0
1492111682,0.0
1492111742,23.5
1492111802,23.0
1492111863,22.0
1492111923,21.5
1492111982,21.0
1492112042,21.5
1492112103,22.0
1492112163,22.5
1492112222,23.0
1492112282,23.5
1492112343,23.0
1492112401,0.0
1492112463,21.5
1492112523,21.5
1492112583,21.5
1492112643,22.0
1492112703,22.5
1492112762,23.0
1492112823,23.5
1492112883,23.0
1492112943,22.0
1492113002,0.0
1492113062,0.0
1492113363,23.5
1492113423,23.0
1492113482,22.5
1492113542,21.5
1492113603,21.5
1492113663,22.0
1492113722,22.5
1492113782,22.5
1492113843,23.0
1492113902,23.5
1492113962,23.0
1492114023,22.5
1492114082,21.5
1492114143,21.0
1492114203,21.5
1492114262,22.0
1492114322,22.5
1492114383,23.0
1492114443,23.5
1492114502,23.0
1492114563,22.5
1492114623,21.5
1492114682,21.5
1492114743,21.5
1492114803,22.0
1492114863,22.5
1492114922,23.0
1492114983,23.5
1492115043,23.5
1492115102,22.5
1492115163,21.5
1492115223,21.5
1492115282,21.5
1492115342,22.0
1492115403,22.5
1492115463,23.0
1492115522,23.5
1492115582,23.0
1492115643,22.0
1492115703,21.5
1492115762,21.5
1492115823,21.5
1492115882,22.0
1492115942,22.5
1492116003,23.0
1492116063,23.0
1492116122,23.0
1492116182,22.5
1492116243,21.5
1492116303,21.5
1492116362,22.0
1492116422,22.0
1492116483,22.5
1492116542,23.0
1492116603,23.5
1492116662,23.5
1492116723,22.5
1492116783,21.5
1492116842,21.5
1492116903,21.5
1492116962,22.0
1492117023,22.5
1492117083,23.0
1492117142,23.5
1492117202,23.5
1492117263,23.5
1492117322,23.0
1492117382,22.0
1492117442,21.5
1492117502,21.5
1492117563,22.0
1492117623,22.5
1492117682,23.0
1492117743,23.0
1492117803,23.5
1492117862,24.0
1492117922,24.0
1492117983,23.0
1492118043,22.5
1492118102,21.5
1492118162,21.5
1492118223,22.0
1492118282,22.5
1492118342,23.0
1492118403,23.0
1492118463,23.5
1492118522,23.5
1492118582,22.5
1492118643,21.5
1492118702,21.0
1492118762,21.5
1492118823,22.0
1492118883,22.5
1492118943,23.0
1492119002,23.0
1492119063,23.0
1492119123,22.5
1492119182,21.5
1492119243,21.5
1492119302,21.5
1492119362,22.0
1492119423,22.5
1492119483,23.0
1492119542,23.5
1492119603,23.5
1492119663,22.5
1492119722,21.5
1492119782,21.5
1492119843,21.5
1492119903,22.0
1492119962,22.5
1492120022,23.0
1492120083,23.5
1492120142,23.0
1492120202,22.5
1492120263,21.5
1492120323,21.5
1492120382,22.0
1492120442,22.5
1492120502,22.5
1492120562,23.0
1492120623,23.5
1492120683,23.5
1492120742,22.5
1492120802,21.5
1492120863,21.0
1492120923,21.5
1492120982,22.0
1492121042,22.5
1492121103,23.0
1492121163,23.5
1492121222,23.5
1492121283,23.5
1492121342,23.0
1492121402,22.0
1492121462,21.5
1492121522,21.5
1492121582,21.5
1492121643,22.0
1492121702,22.5
1492121762,23.0
1492121822,23.5
1492121883,23.5
1492121943,22.5
1492122002,21.5
1492122062,21.5
1492122122,21.5
1492122183,22.0
1492122243,22.5
1492122302,23.0
1492122363,23.5
1492122423,23.5
1492122482,24.0
1492122543,23.0
1492122603,22.0
1492122662,21.5
1492122723,21.5
1492122783,22.0
1492122842,22.5
1492122903,23.0
1492122963,23.0
1492123023,23.5
1492123082,23.5
1492123142,22.5
1492123203,22.0
1492123262,21.5
1492123322,21.5
1492123383,22.0
1492123442,22.5
1492123503,23.0
1492123563,23.5
1492123622,23.5
1492123682,22.5
1492123743,21.5
1492123803,21.0
1492123863,21.5
1492123923,22.0
1492123982,22.5
1492124043,23.0
1492124103,23.5
1492124162,23.5
1492124223,23.5
1492124283,22.5
1492124343,22.0
1492124402,21.5
1492124462,21.5
1492124523,22.0
1492124583,22.5
1492124642,23.0
1492124702,23.5
1492124763,23.5
1492124823,23.5
1492124882,23.0
1492124942,22.0
1492125003,21.5
1492125063,21.5
1492125122,22.0
1492125182,22.0
1492125243,22.5
1492125302,23.0
1492125362,23.5
1492125423,23.5
1492125482,22.5
1492125542,21.5
1492125603,21.5
1492125663,21.5
1492125722,22.0
1492125782,22.5
1492125842,23.0
1492125903,23.5
1492125962,23.5
1492126022,22.5
1492126083,21.5
1492126142,21.0
1492126202,21.5
1492126263,22.0
1492126323,22.5
1492126383,23.0
1492126443,23.5
1492126502,23.5
1492126563,22.5
1492126622,21.5
1492126682,21.5
1492126743,21.5
1492126802,22.0
1492126862,22.5
1492126923,23.0
1492126983,23.5
1492127042,23.5
1492127103,22.5
1492127163,21.5
1492127223,21.5
1492127283,21.5
1492127343,22.0
1492127402,22.5
1492127462,23.0
1492127523,23.5
1492127583,23.5
1492127643,22.5
1492127702,21.5
1492127762,21.5
1492127823,21.5
1492127882,22.0
1492127943,22.5
1492128003,23.0
1492128062,23.5
1492128123,23.5
1492128182,22.5
1492128243,22.0
1492128302,21.5
1492128362,21.5
1492128422,22.0
1492128482,22.5
1492128543,23.0
1492128602,23.5
1492128663,23.5
1492128723,22.5
1492128783,21.5
1492128843,21.0
1492128902,21.5
1492128962,22.0
1492129023,22.5
1492129083,23.0
1492129143,23.0
1492129202,23.5
1492129263,23.5
1492129323,22.5
1492129383,21.5
1492129442,21.0
1492129502,21.5
1492129563,22.0
1492129623,22.5
1492129683,23.0
1492129742,23.0
1492129803,23.5
1492129863,23.5
1492129922,22.5
1492129983,22.0
1492130042,21.5
1492130102,21.5
1492130163,22.0
1492130222,22.5
1492130282,23.0
1492130343,23.5
1492130402,23.5
1492130462,22.5
1492130523,21.5
1492130582,21.5
1492130642,21.5
1492130703,22.0
1492130762,22.5
1492130822,23.0
1492130883,23.5
1492130943,23.5
1492131002,22.5
1492131062,21.5
1492131122,21.0
1492131182,21.5
1492131243,22.0
1492131303,22.5
1492131362,23.0
1492131422,23.0
1492131483,23.5
1492131543,22.5
1492131602,21.5
1492131663,21.0
1492131723,21.5
1492131782,22.0
1492131843,22.5
1492131903,23.0
1492131962,23.5
1492132022,23.5
1492132083,22.5
1492132143,21.5
1492132203,21.0
1492132262,21.5
1492132322,22.0
1492132382,22.5
1492132443,23.0
1492132502,23.0
1492132563,23.5
1492132622,23.5
1492132682,22.5
1492132743,22.0
1492132802,21.5
1492132862,21.5
1492132923,22.0
1492132982,22.5
1492133042,23.0
1492133103,23.5
1492133163,23.5
1492133222,22.5
1492133283,22.0
1492133342,21.5
1492133402,22.0
1492133463,22.5
1492133523,22.5
1492133583,23.0
1492133642,23.5
1492133703,23.5
1492133763,22.5
1492133822,22.0
1492133882,21.5
1492133943,21.5
1492134003,22.0
1492134062,22.5
1492134123,23.0
1492134182,23.5
1492134243,23.5
1492134302,22.5
1492134362,21.5
1492134423,21.5
1492134482,21.5
1492134543,22.0
1492134603,22.5
1492134662,23.0
1492134723,23.5
1492134783,23.5
1492134843,22.5
1492134902,22.0
1492134963,21.5
1492135022,21.5
1492135082,22.0
1492135143,22.5
1492135202,23.0
1492135263,23.0
1492135322,23.5
1492135382,22.5
1492135443,21.5
1492135502,21.5
1492135562,21.5
1492135623,22.0
1492135683,22.5
1492135743,23.0
1492135802,23.5
1492135862,23.5
1492135922,22.5
1492135983,22.0
1492136043,21.0
1492136103,21.5
1492136163,22.0
1492136223,22.5
1492136282,23.0
1492136343,23.0
1492136402,23.5
1492136462,22.5
1492136523,21.5
1492136583,21.0
1492136643,21.5
1492136703,22.0
1492136763,22.5
1492136822,23.0
1492136883,23.0
1492136942,23.5
1492137003,22.5
1492137062,21.5
1492137123,21.0
1492137183,21.0
1492137242,21.5
1492137303,22.0
1492137362,22.5
1492137422,23.0
1492137483,23.5
1492137542,23.5
1492137603,22.5
1492137663,21.5
1492137722,21.0
1492137783,21.5
1492137842,22.0
1492137903,22.5
1492137962,23.0
1492138022,23.5
1492138083,23.5
1492138143,22.5
1492138203,21.5
1492138263,21.0
1492138322,21.5
1492138383,22.0
1492138442,22.5
1492138502,23.0
1492138563,23.0
1492138622,23.5
1492138683,22.5
1492138743,21.5
1492138803,21.0
1492138862,21.5
1492138922,22.0
1492138983,22.5
1492139043,22.5
1492139102,23.0
1492139163,23.5
1492139222,23.5
1492139283,23.0
1492139343,22.0
1492139403,21.5
1492139462,21.5
1492139522,22.0
1492139583,22.5
1492139643,23.0
1492139703,23.0
1492139762,23.5
1492139822,22.5
1492139883,22.0
1492139942,21.0
1492140002,21.5
1492140063,22.0
1492140123,22.5
1492140182,22.5
1492140243,23.0
1492140302,23.5
1492140362,23.5
1492140423,23.0
1492140482,22.0
1492140543,21.0
1492140603,21.0
1492140663,21.5
1492140722,22.0
1492140782,22.5
1492140843,23.0
1492140902,23.5
1492140962,23.5
1492141023,23.0
1492141082,22.0
1492141142,21.5
1492141203,21.5
1492141262,22.0
1492141323,22.5
1492141383,23.0
1492141442,23.0
1492141503,23.5
1492141563,22.5
1492141622,22.0
1492141683,21.0
1492141743,21.5
1492141803,22.0
1492141862,22.5
1492141922,22.5
1492141983,23.0
1492142042,23.5
1492142102,23.5
1492142163,23.0
1492142223,22.0
1492142283,21.0
1492142342,21.5
1492142402,22.0
1492142463,22.5
1492142523,22.5
1492142583,23.0
1492142643,23.5
1492142702,23.5
1492142762,23.0
1492142823,22.0
1492142883,21.5
1492142943,21.5
1492143002,22.0
1492143062,22.5
1492143123,23.0
1492143183,23.0
1492143243,23.5
1492143302,22.5
1492143362,22.0
1492143423,21.5
1492143483,21.5
1492143543,22.0
1492143603,22.5
1492143662,23.0
1492143723,23.0
1492143783,23.5
1492143843,22.5
1492143902,22.0
1492143963,21.0
1492144022,21.5
1492144082,22.0
1492144143,22.5
1492144203,23.0
1492144262,23.0
1492144322,23.5
1492144383,22.5
1492144442,22.0
1492144502,21.5
1492144562,21.5
1492144622,22.0
1492144683,22.5
1492144743,23.0
1492144803,23.0
1492144862,23.5
1492144922,22.5
1492144983,22.0
1492145043,21.5
1492145103,21.5
1492145162,22.0
1492145222,22.5
1492145282,23.0
1492145343,23.0
1492145403,23.5
1492145462,22.5
1492145522,22.0
1492145583,21.5
1492145643,21.5
1492145702,22.0
1492145762,22.5
1492145823,23.0
1492145883,23.0
1492145942,23.5
1492146002,23.0
1492146063,22.0
1492146123,21.5
1492146183,21.5
1492146242,22.0
1492146302,22.5
1492146362,23.0
1492146423,23.0
1492146483,23.5
1492146542,22.5
1492146602,22.0
1492146662,21.5
1492146723,21.5
1492146783,22.0
1492146842,22.5
1492146902,23.0
1492146962,23.0
1492147023,23.5
1492147083,23.0
1492147142,22.0
1492147203,21.0
1492147263,21.0
1492147322,21.5
1492147382,22.0
1492147442,22.5
1492147503,23.0
1492147562,23.5
1492147623,23.5
1492147682,23.0
1492147743,22.0
1492147802,21.5
1492147863,21.5
1492147922,22.0
1492147983,22.5
1492148043,23.0
1492148103,23.0
1492148162,23.5
1492148223,23.0
1492148283,22.0
1492148342,21.5
1492148402,21.5
1492148462,22.0
1492148523,22.5
1492148583,22.5
1492148642,23.0
1492148702,23.5
1492148762,23.5
1492148823,23.0
1492148883,22.0
1492148942,21.5
1492149002,21.5
1492149062,22.0
1492149123,22.5
1492149183,23.0
1492149242,23.0
1492149303,23.5
1492149363,23.0
1492149422,22.0
1492149482,21.0
1492149542,21.5
1492149603,22.0
1492149663,22.5
1492149723,22.5
1492149783,23.0
1492149842,23.5
1492149903,23.5
1492149962,23.0
1492150022,22.0
1492150082,21.5
1492150143,21.5
1492150203,22.0
1492150262,22.5
1492150322,23.0
1492150383,23.0
1492150442,23.5
1492150502,23.0
1492150562,22.0
1492150623,21.5
1492150683,21.5
1492150742,22.0
1492150802,22.5
1492150863,23.0
1492150923,23.0
1492150983,23.5
1492151042,23.0
1492151102,22.0
1492151162,21.5
1492151222,21.5
1492151283,22.0
1492151343,22.5
1492151402,22.5
1492151463,23.0
1492151523,23.5
1492151583,23.5
1492151642,23.0
1492151702,22.0
1492151763,21.5
1492151823,21.5
1492151883,22.0
1492151942,22.5
1492152003,22.5
1492152063,23.0
1492152122,23.5
1492152182,23.5
1492152243,23.0
1492152303,22.0
1492152362,21.5
1492152423,21.5
1492152483,22.0
1492152542,22.5
1492152602,23.0
1492152662,23.0
1492152722,23.5
1492152782,23.0
1492152843,22.0
1492152903,21.0
1492152962,21.5
1492153022,22.0
1492153083,22.5
1492153143,22.5
1492153202,23.0
1492153262,23.5
1492153323,22.5
1492153383,22.0
1492153442,21.5
1492153502,21.5
1492153562,22.0
1492153623,22.5
1492153683,23.0
1492153742,23.0
1492153802,23.5
1492153862,23.0
1492153923,22.0
1492153982,21.5
1492154042,21.5
1492154103,22.0
1492154163,22.5
1492154223,23.0
1492154282,23.0
1492154342,23.5
1492154402,23.5
1492154463,23.0
1492154523,22.0
1492154582,21.5
1492154642,21.5
1492154703,21.5
1492154763,22.0
1492154822,22.5
1492154883,23.0
1492154943,23.5
1492155003,23.5
1492155062,23.0
1492155123,22.0
1492155182,21.5
1492155242,21.5
1492155303,22.0
1492155362,22.5
1492155422,23.0
1492155482,23.0
1492155543,23.5
1492155603,23.5
1492155662,23.0
1492155722,22.0
1492155782,21.5
1492155843,21.5
1492155903,22.0
1492155962,22.5
1492156022,22.5
1492156083,23.0
1492156143,23.5
1492156202,23.5
1492156262,23.0
1492156323,22.0
1492156383,21.5
1492156442,21.5
1492156502,22.0
1492156563,22.5
1492156623,23.0
1492156682,23.0
1492156742,23.5
1492156802,23.0
1492156863,22.0
1492156923,21.0
1492156982,0.0
1492157043,0.0
1492157163,22.5
1492157223,23.0
1492157283,23.0
1492157342,23.5
1492157402,23.0
1492157462,22.0
1492157522,0.0
1492157702,22.5
1492157762,23.0
1492157823,23.0
1492157883,23.5
1492157943,23.0
1492158002,22.0
1492158062,21.0
1492158123,21.5
1492158183,22.0
1492158243,22.5
1492158302,22.5
1492158362,23.0
1492158422,23.5
1492158482,23.5
1492158543,23.0
1492158603,22.0
1492158662,21.0
1492158722,21.5
1492158783,22.0
1492158842,22.0
1492158903,22.5
1492158962,23.0
1492159022,23.5
1492159082,23.0
1492159143,22.0
1492159203,21.0
1492159262,21.5
1492159322,21.5
1492159383,22.0
1492159442,22.5
1492159502,23.0
1492159563,23.5
1492159623,23.5
1492159682,23.0
1492159742,22.0
1492159802,21.5
1492159862,21.5
1492159923,22.0
1492159982,0.0
1492160042,0.0
1492160103,23.0
1492160163,23.5
1492160222,23.5
1492160282,23.5
1492160342,22.5
1492160403,21.5
1492160463,21.0
1492160522,21.5
1492160582,22.0
1492160643,22.5
1492160703,23.0
1492160763,23.0
1492160823,23.5
1492160882,23.5
1492160942,23.5
1492161003,22.5
1492161063,22.0
1492161122,21.5
1492161182,21.5
1492161243,22.0
1492161303,22.5
1492161362,23.0
1492161423,23.0
1492161483,23.5
1492161543,23.0
1492161602,22.0
1492161663,21.5
1492161723,21.5
1492161782,22.0
1492161843,22.5
1492161903,22.5
1492161962,23.0
1492162022,23.5
1492162083,23.0
1492162143,22.0
1492162203,21.0
1492162262,21.5
1492162323,22.0
1492162382,22.0
1492162443,22.5
1492162503,23.0
1492162563,23.5
1492162623,23.5
1492162682,23.0
1492162742,22.0
1492162803,21.5
1492162862,21.5
1492162923,21.5
1492162983,22.0
1492163042,22.5
1492163102,23.0
1492163163,23.5
1492163222,23.5
1492163282,23.0
1492163342,0.0
1492163402,0.0
1492163642,22.5
1492163703,23.0
1492163763,23.5
1492163823,23.5
1492163882,23.0
1492163942,22.0
1492164003,21.5
1492164062,21.5
1492164123,21.5
1492164183,22.0
1492164241,0.0
1492164303,23.0
1492164363,23.5
1492164422,23.5
1492164482,23.0
1492164543,22.5
1492164603,21.5
1492164663,21.5
1492164722,22.0
1492164783,22.5
1492164842,22.5
1492164902,0.0
1492164963,-0.062
1492165083,22.0
1492165143,21.0
1492165203,21.5
1492165263,22.0
1492165322,22.0
1492165382,22.5
1492165443,23.0
1492165502,23.5
1492165563,23.5
1492165623,23.0
1492165683,22.0
1492165742,21.5
1492165803,21.5
1492165862,22.0
1492165922,22.5
1492165983,23.0
1492166044,23.0
1492166103,23.5
1492166163,23.0
1492166223,22.0
1492166282,21.0
1492166342,21.0
1492166403,21.5
1492166463,22.0
1492166522,22.5
1492166583,23.0
1492166642,23.0
1492166702,23.5
1492166762,23.5
1492166823,23.5
1492166883,23.0
1492166943,22.0
1492167002,21.5
1492167062,21.5
1492167123,22.0
1492167183,22.5
1492167242,23.0
1492167302,23.0
1492167362,23.5
1492167423,23.0
1492167482,22.0
1492167543,21.5
1492167603,21.5
1492167662,22.0
1492167722,22.5
1492167783,22.5
1492167843,23.0
1492167902,23.5
1492167962,23.5
1492168022,23.0
1492168083,22.5
1492168143,21.5
1492168202,21.5
1492168262,22.0
1492168323,22.0
1492168383,22.5
1492168442,23.0
1492168503,23.5
1492168563,23.0
1492168622,22.0
1492168682,21.5
1492168742,21.5
1492168803,21.5
1492168863,22.0
1492168922,22.5
1492168982,23.0
1492169043,23.5
1492169102,23.5
1492169163,23.0
1492169223,22.0
1492169283,21.5
1492169342,21.5
1492169402,22.0
1492169463,22.5
1492169523,22.5
1492169583,23.0
1492169643,23.5
1492169703,23.0
1492169762,22.0
1492169822,21.5
1492169883,21.5
1492169943,22.0
1492170003,22.5
1492170063,22.5
1492170122,23.0
1492170182,23.5
1492170243,23.0
1492170303,22.0
1492170363,21.5
1492170422,21.5
1492170483,22.0
1492170542,22.5
1492170603,22.5
1492170663,23.0
1492170722,23.5
1492170782,23.5
1492170843,23.0
1492170903,22.5
1492170962,21.5
1492171022,21.0
1492171083,21.5
1492171143,22.0
1492171203,22.5
1492171262,23.0
1492171323,23.5
1492171383,23.5
1492171443,23.0
1492171502,22.5
1492171563,21.5
1492171623,21.5
1492171683,21.5
1492171742,22.0
1492171803,22.5
1492171862,23.0
1492171922,23.5
1492171982,23.5
1492172043,23.0
1492172102,22.0
1492172162,21.5
1492172223,21.0
1492172283,21.5
1492172342,22.0
1492172403,22.5
1492172463,23.0
1492172522,23.0
1492172583,23.5
1492172642,23.0
1492172702,22.5
1492172763,21.5
1492172822,21.0
1492172883,21.5
1492172943,22.0
1492173003,22.5
1492173062,23.0
1492173123,23.0
1492173182,23.5
1492173242,23.0
1492173303,22.0
1492173363,21.5
1492173422,21.5
1492173482,22.0
1492173543,22.5
1492173602,22.5
1492173662,23.0
1492173723,23.5
1492173782,23.5
1492173843,23.5
1492173903,22.5
1492173962,21.5
1492174023,21.5
1492174082,21.5
1492174142,22.0
1492174203,22.5
1492174262,23.0
1492174323,23.5
1492174383,23.5
1492174442,23.5
1492174502,22.5
1492174562,21.5
1492174623,21.5
1492174683,21.5
1492174742,22.0
1492174803,22.5
1492174862,23.0
1492174922,23.5
1492174982,23.5
1492175042,23.5
1492175103,22.5
1492175163,21.5
1492175223,21.5
1492175282,22.0
1492175342,22.5
1492175402,23.0
1492175462,23.0
1492175522,23.5
1492175583,23.0
1492175643,22.0
1492175703,21.5
1492175762,21.5
1492175823,22.0
1492175882,22.0
1492175942,22.5
1492176002,23.0
1492176063,23.5
1492176123,23.0
1492176182,22.5
1492176242,21.5
1492176302,21.5
1492176363,22.0
1492176423,22.5
1492176482,22.5
1492176543,23.0
1492176603,23.5
1492176663,23.0
1492176722,22.0
1492176783,21.5
1492176843,21.5
1492176902,21.5
1492176962,22.0
1492177022,22.5
1492177082,23.0
1492177143,23.5
1492177203,23.5
1492177262,23.5
1492177322,22.5
1492177383,21.5
1492177442,21.5
1492177503,21.5
1492177562,0.0
1492177622,0.0
1492177743,23.0
1492177802,23.5
1492177863,23.5
1492177922,0.0
1492178042,21.5
1492178103,21.5
1492178162,22.0
1492178222,22.5
1492178283,23.0
1492178342,23.0
1492178402,23.5
1492178462,23.5
1492178522,22.5
1492178583,21.5
1492178643,21.0
1492178703,21.5
1492178762,22.0
1492178822,22.5
1492178883,23.0
1492178943,23.0
1492179002,23.5
1492179063,23.5
1492179123,22.0
1492179183,21.5
1492179242,21.5
1492179302,21.5
1492179363,22.0
1492179422,22.5
1492179482,23.0
1492179543,23.5
1492179603,23.5
1492179663,23.5
1492179722,22.5
1492179782,21.5
1492179842,0.0
1492179902,0.0
1492179962,22.0
1492180022,22.5
1492180083,23.0
1492180142,23.0
1492180203,23.5
1492180263,23.5
1492180322,0.0
1492180442,0.0
1492180502,0.0
1492180682,0.0
1492180742,23.5
1492180803,23.5
1492180863,23.5
1492180922,22.5
1492180982,21.5
1492181043,21.5
1492181103,21.5
1492181162,22.0
1492181222,22.5
1492181283,23.0
1492181343,23.5
1492181402,23.5
1492181462,23.5
1492181523,22.5
1492181583,21.5
1492181642,21.0
1492181702,21.5
1492181763,22.0
1492181822,22.5
1492181883,23.0
1492181943,23.0
1492182002,23.5
1492182062,23.5
1492182122,22.5
1492182182,21.5
1492182243,21.5
1492182302,21.5
1492182362,22.0
1492182423,22.5
1492182483,23.0
1492182542,23.5
1492182602,23.5
1492182663,23.5
1492182722,22.5
1492182782,21.5
1492182843,21.0
1492182903,21.5
1492182963,22.0
1492183022,22.5
1492183082,23.0
1492183143,23.5
1492183202,23.5
1492183262,23.5
1492183323,22.5
1492183383,21.5
1492183443,21.0
1492183503,21.5
1492183562,22.0
1492183623,22.5
1492183683,23.0
1492183743,23.0
1492183802,23.5
1492183863,23.5
1492183923,22.5
1492183982,21.5
1492184042,21.5
1492184103,21.5
1492184163,22.0
1492184222,22.5
1492184282,23.0
1492184343,23.5
1492184403,23.5
1492184462,23.5
1492184522,22.5
1492184583,22.0
1492184643,21.0
1492184702,21.5
1492184762,22.0
1492184823,22.5
1492184882,23.0
1492184942,23.0
1492185003,23.5
1492185063,23.5
1492185122,22.5
1492185182,21.5
1492185243,21.0
1492185303,21.5
1492185363,22.0
1492185422,22.5
1492185483,23.0
1492185543,23.0
1492185603,23.5
1492185662,23.5
1492185722,22.5
1492185783,21.5
1492185843,21.5
1492185902,21.5
1492185962,22.0
1492186022,22.5
1492186082,23.0
1492186142,23.0
1492186202,23.5
1492186263,23.5
1492186323,22.5
1492186383,21.5
1492186443,21.0
1492186502,21.5
1492186562,22.0
1492186623,22.5
1492186682,23.0
1492186742,23.0
1492186802,0.0
1492186862,23.5
1492186923,22.5
1492186982,21.5
1492187042,21.0
1492187102,0.0
1492187163,22.0
1492187222,22.5
1492187283,23.0
1492187343,23.0
1492187402,23.5
1492187463,23.5
1492187522,22.5
1492187582,21.5
1492187642,21.0
1492187702,21.5
1492187763,22.0
1492187822,22.5
1492187883,23.0
1492187942,23.0
1492188002,23.5
1492188063,23.5
1492188122,22.5
1492188182,21.5
1492188242,21.5
1492188302,21.5
1492188363,22.0
1492188423,22.5
1492188482,23.0
1492188543,23.5
1492188603,23.5
1492188663,23.5
1492188723,22.5
1492188782,21.5
1492188842,21.5
1492188903,21.5
1492188963,22.0
1492189023,22.5
1492189082,23.0
1492189142,23.5
1492189203,23.0
1492189263,22.5
1492189322,21.5
1492189382,21.5
1492189443,21.5
1492189503,22.0
1492189562,22.5
1492189622,23.0
1492189683,23.0
1492189743,23.5
1492189802,23.5
1492189862,22.5
1492189923,21.5
1492189982,21.5
1492190042,21.5
1492190103,22.0
1492190163,22.5
1492190222,23.0
1492190282,23.5
1492190343,23.5
1492190402,22.5
1492190462,0.0
1492190522,21.5
1492190582,22.0
1492190643,22.0
1492190702,22.5
1492190762,23.0
1492190823,23.5
1492190882,23.5
1492190942,22.5
1492191003,21.5
1492191062,21.5
1492191122,21.5
1492191183,22.0
1492191242,22.5
1492191302,23.0
1492191363,23.0
1492191423,23.5
1492191482,23.5
1492191542,22.5
1492191602,21.5
1492191663,21.0
1492191722,21.5
1492191782,22.0
1492191843,22.5
1492191902,23.0
1492191963,23.5
1492192023,23.5
1492192082,22.5
1492192142,21.5
1492192203,21.5
1492192263,21.5
1492192323,22.0
1492192382,22.5
1492192442,23.0
1492192502,23.5
1492192563,23.5
1492192623,22.5
1492192683,21.5
1492192743,21.0
1492192802,21.5
1492192862,22.0
1492192923,22.5
1492192983,23.0
1492193042,23.0
1492193102,23.0
1492193163,22.5
1492193223,21.5
1492193282,21.5
1492193342,21.5
1492193403,22.0
1492193462,22.5
1492193522,23.0
1492193583,23.5
1492193643,23.5
1492193703,22.5
1492193763,21.5
1492193823,21.5
1492193882,21.5
1492193942,22.0
1492194003,22.5
1492194063,23.0
1492194122,23.5
1492194182,23.5
1492194243,22.5
1492194303,21.5
1492194363,21.5
1492194422,21.5
1492194482,22.0
1492194543,22.5
1492194603,23.0
1492194662,23.5
1492194723,23.5
1492194783,22.5
1492194843,21.5
1492194902,21.0
1492194962,21.5
1492195023,22.0
1492195083,22.5
1492195143,23.0
1492195202,23.5
1492195262,23.5
1492195322,22.5
1492195383,21.5
1492195443,21.5
1492195502,21.5
1492195562,22.0
1492195623,22.5
1492195682,23.0
1492195742,23.5
1492195803,23.5
1492195862,22.5
1492195922,21.5
1492195983,21.5
1492196043,21.5
1492196102,22.0
1492196162,22.5
1492196223,23.0
1492196283,23.5
1492196343,23.5
1492196403,22.5
1492196463,21.5
1492196522,21.5
1492196583,21.5
1492196643,22.0
1492196702,22.5
1492196762,23.0
1492196823,23.5
1492196883,23.5
1492196942,22.5
1492197003,21.5
1492197063,21.5
1492197123,21.5
1492197183,22.0
1492197242,22.5
1492197303,23.0
1492197362,23.0
1492197423,23.5
1492197482,22.5
1492197542,21.5
1492197602,0.0
1492197662,0.0
1492198022,22.5
1492198083,21.5
1492198142,0.0
1492198202,0.0
1492198442,23.5
1492198502,0.0
1492198622,21.5
1492198683,21.0
1492198743,-0.062
1492198802,0.0
1492199103,23.5
1492199162,22.5
1492199222,22.0
1492199282,21.0
1492199343,21.5
1492199403,22.0
1492199462,22.5
1492199523,23.0
1492199582,23.0
1492199642,23.5
1492199702,22.5
1492199763,21.5
1492199823,21.0
1492199882,21.5
1492199942,0.0
1492200122,23.0
1492200183,23.5
1492200242,23.5
1492200303,24.0
1492200363,23.5
1492200423,22.5
1492200484,21.5
1492200542,0.0
1492200602,0.0
1492200783,23.0
1492200842,23.5
1492200903,23.5
1492200962,22.5
1492201022,22.0
1492201083,21.0
1492201142,21.5
1492201202,22.0
1492201262,22.5
1492201322,23.0
1492201383,23.0
1492201443,23.5
1492201502,22.5
1492201562,22.0
1492201623,21.5
1492201683,21.5
1492201742,22.0
1492201803,22.5
1492201862,23.0
1492201922,23.5
1492201983,23.5
1492202043,22.5
1492202102,22.0
1492202163,21.0
1492202223,21.5
1492202282,22.0
1492202342,0.0
1492202402,0.0
1492202643,21.5
1492202702,21.5
1492202763,21.5
1492202823,22.0
1492202882,22.5
1492202943,23.0
1492203002,23.0
1492203062,23.5
1492203123,22.5
1492203183,21.5
1492203242,21.0
1492203302,21.5
1492203363,22.0
1492203423,22.5
1492203482,23.0
1492203543,23.5
1492203603,23.5
1492203663,22.5
1492203722,22.0
1492203783,21.5
1492203843,21.5
1492203902,22.0
1492203963,22.5
1492204023,23.0
1492204083,23.5
1492204143,23.5
1492204202,22.5
1492204262,21.5
1492204323,21.5
1492204383,21.5
1492204442,22.0
1492204503,22.5
1492204562,23.0
1492204622,23.5
1492204683,23.5
1492204743,24.0
1492204803,23.5
1492204862,22.5
1492204923,21.5
1492204983,21.5
1492205042,21.5
1492205102,22.0
1492205163,22.5
1492205223,23.0
1492205283,23.5
1492205342,23.5
1492205402,23.0
1492205463,22.0
1492205522,21.0
1492205582,21.5
1492205643,22.0
1492205703,22.5
1492205762,23.0
1492205823,23.0
1492205882,23.5
1492205942,22.5
1492206002,22.0
1492206063,21.0
1492206123,21.5
1492206183,22.0
1492206242,22.5
1492206302,23.0
1492206362,23.0
1492206422,23.5
1492206483,22.5
1492206543,22.0
1492206602,21.0
1492206662,21.5
1492206723,22.0
1492206783,22.5
1492206843,23.0
1492206903,23.0
1492206962,23.5
1492207023,22.5
1492207083,21.5
1492207142,21.5
1492207203,21.5
1492207262,22.0
1492207323,22.5
1492207383,23.0
1492207443,23.5
1492207502,23.5
1492207562,22.5
1492207623,22.0
1492207682,21.0
1492207742,21.0
1492207803,21.5
1492207863,22.0
1492207922,22.0
1492207983,23.0
1492208043,23.5
1492208103,23.5
1492208162,23.0
1492208223,22.0
1492208282,21.5
1492208342,21.5
1492208402,21.5
1492208462,22.0
1492208523,22.5
1492208583,23.0
1492208642,23.5
1492208703,23.5
1492208762,23.0
1492208823,22.0
1492208883,21.0
1492208943,21.0
1492209002,21.5
1492209063,22.0
1492209123,22.5
1492209182,23.0
1492209242,23.5
1492209302,23.5
1492209363,23.0
1492209422,22.0
1492209483,21.5
1492209543,21.5
1492209603,22.0
1492209663,22.5
1492209723,23.0
1492209783,23.0
1492209843,23.5
1492209903,23.0
1492209963,22.0
1492210022,0.0
1492210082,0.0
1492210142,22.0
1492210203,22.5
1492210263,23.0
1492210323,23.5
1492210383,23.5
1492210443,22.5
1492210503,22.0
1492210563,21.5
1492210622,21.5
1492210682,22.0
1492210743,22.5
1492210803,23.0
1492210862,23.0
1492210923,23.5
1492210982,23.0
1492211042,22.0
1492211103,21.5
1492211162,21.5
1492211222,22.0
1492211282,22.5
1492211343,23.0
1492211403,23.0
1492211462,23.5
1492211522,23.0
1492211583,22.0
1492211642,21.5
1492211703,21.5
1492211763,22.0
1492211823,22.5
1492211883,23.0
1492211943,23.0
1492212002,23.5
1492212063,23.0
1492212122,22.0
1492212183,21.5
1492212242,21.5
1492212302,22.0
1492212363,22.5
1492212423,23.0
1492212482,23.5
1492212543,23.5
1492212603,23.0
1492212663,22.0
1492212722,21.0
1492212782,21.5
1492212843,22.0
1492212903,22.0
1492212963,-0.062
1492213021,0.0
1492213142,23.5
1492213203,23.0
1492213262,22.0
1492213322,21.5
1492213382,21.5
1492213443,22.0
1492213502,22.5
1492213562,22.5
1492213623,23.0
1492213683,23.5
1492213743,23.5
1492213802,23.0
1492213862,22.0
1492213923,21.5
1492213983,21.5
1492214042,22.0
1492214103,22.5
1492214162,22.5
1492214223,23.0
1492214283,23.5
1492214342,23.0
1492214403,22.0
1492214463,21.5
1492214522,21.5
1492214583,22.0
1492214642,22.5
1492214702,22.5
1492214763,23.0
1492214822,23.5
1492214883,22.5
1492214943,21.5
1492215002,21.0
1492215063,21.0
1492215122,21.5
1492215182,22.0
1492215243,22.5
1492215302,23.0
1492215362,23.5
1492215423,23.5
1492215482,23.0
1492215542,22.0
1492215603,21.5
1492215663,21.5
1492215722,22.0
1492215782,22.5
1492215842,23.0
1492215902,23.0
1492215962,23.5
1492216023,23.0
1492216083,22.0
1492216142,21.5
1492216202,21.5
1492216263,22.0
1492216323,22.5
1492216382,23.0
1492216442,23.0
1492216503,23.5
1492216563,23.0
1492216622,22.0
1492216682,21.5
1492216743,21.5
1492216803,22.0
1492216862,22.5
1492216922,22.5
1492216983,23.0
1492217043,23.5
1492217102,23.0
1492217162,22.0
1492217222,21.5
1492217283,21.5
1492217343,22.0
1492217402,22.5
1492217463,23.0
1492217522,23.0
1492217582,23.5
1492217642,23.0
1492217702,22.0
1492217762,21.5
1492217822,21.5
1492217882,22.0
1492217943,22.5
1492218002,23.0
1492218063,23.0
1492218123,23.5
1492218182,23.0
1492218242,22.0
1492218302,21.5
1492218363,21.5
1492218423,22.0
1492218482,22.5
1492218542,23.0
1492218602,23.0
1492218663,23.5
1492218723,22.5
1492218782,22.0
1492218842,21.0
1492218903,21.0
1492218963,21.5
1492219023,22.0
1492219083,22.5
1492219142,23.0
1492219202,23.5
1492219263,23.5
1492219322,23.0
1492219382,22.0
1492219443,21.5
1492219502,21.5
1492219563,21.5
1492219623,22.5
1492219683,22.5
1492219742,23.0
1492219803,23.5
1492219863,23.5
1492219922,23.5
1492219982,22.5
1492220043,21.5
1492220102,21.5
1492220162,21.5
1492220223,22.0
1492220282,22.5
1492220343,23.0
1492220403,23.5
1492220462,23.5
1492220522,23.0
1492220582,22.0
1492220642,21.5
1492220703,21.5
1492220762,22.0
1492220822,22.5
1492220883,22.5
1492220943,23.0
1492221002,23.5
1492221063,23.0
1492221123,22.0
1492221183,21.5
1492221242,21.5
1492221303,22.0
1492221362,22.5
1492221422,23.0
1492221483,23.0
1492221542,23.5
1492221602,23.0
1492221663,22.0
1492221723,21.0
1492221782,21.5
1492221842,22.0
1492221903,22.5
1492221962,22.5
1492222022,23.0
1492222083,23.5
1492222143,23.5
1492222203,23.0
1492222262,22.0
1492222323,21.5
1492222382,21.5
1492222443,22.0
1492222503,22.5
1492222563,23.0
1492222623,23.0
1492222683,23.5
1492222742,23.0
1492222802,22.0
1492222863,21.0
1492222922,21.5
1492222983,22.0
1492223042,22.5
1492223102,23.0
1492223163,23.0
1492223222,23.5
1492223283,23.0
1492223343,22.0
1492223402,21.0
1492223463,21.0
1492223522,21.5
1492223582,22.0
1492223643,22.5
1492223703,23.0
1492223762,23.5
1492223823,23.5
1492223883,23.0
1492223943,22.0
1492224002,21.0
1492224063,21.5
1492224122,21.5
1492224182,22.5
1492224242,22.5
1492224302,23.0
1492224363,23.5
1492224423,23.0
1492224482,22.0
1492224542,21.5
1492224603,21.5
1492224663,22.0
1492224722,22.0
1492224783,22.5
1492224843,23.0
1492224902,23.5
1492224962,23.0
1492225023,22.0
1492225083,21.5
1492225142,21.5
1492225202,22.0
1492225262,22.5
1492225323,23.0
1492225383,23.0
1492225442,23.5
1492225503,23.0
1492225563,22.0
1492225622,21.5
1492225683,21.5
1492225742,22.0
1492225803,22.0
1492225862,22.5
1492225922,23.0
1492225982,23.5
1492226042,23.5
1492226103,23.0
1492226162,22.0
1492226222,21.5
1492226283,21.5
1492226343,22.0
1492226402,22.5
1492226463,22.5
1492226522,23.0
1492226583,23.5
1492226643,23.0
1492226702,22.0
1492226763,21.5
1492226823,21.5
1492226882,21.5
1492226943,22.0
1492227002,22.5
1492227063,23.0
1492227122,23.5
1492227183,23.5
1492227243,23.0
1492227303,22.0
1492227363,21.5
1492227422,21.0
1492227482,21.5
1492227543,22.0
1492227602,22.5
1492227663,23.0
1492227723,23.5
1492227782,23.5
1492227842,23.0
1492227903,22.0
1492227963,21.5
1492228022,21.0
1492228083,21.5
1492228143,22.0
1492228203,22.5
1492228263,23.0
1492228322,23.0
1492228383,23.5
1492228443,23.0
1492228503,22.0
1492228562,21.5
1492228623,21.5
1492228682,22.0
1492228742,22.0
1492228802,22.5
1492228863,23.0
1492228923,23.5
1492228983,23.5
1492229043,23.5
1492229102,22.5
1492229162,21.5
1492229223,21.5
1492229283,21.5
1492229343,22.0
1492229403,22.5
1492229462,23.0
1492229522,23.5
1492229583,23.5
1492229642,23.0
1492229702,22.5
1492229762,21.5
1492229822,21.5
1492229883,22.0
1492229942,22.5
1492230002,22.5
1492230063,23.0
1492230123,23.5
1492230182,23.5
1492230243,23.5
1492230303,22.5
1492230363,22.0
1492230422,21.5
1492230482,21.5
1492230543,22.0
1492230603,22.5
1492230663,23.0
1492230722,23.5
1492230782,23.5
1492230843,23.0
1492230903,22.0
1492230962,21.5
1492231023,21.0
1492231082,21.5
1492231142,22.0
1492231203,22.5
1492231263,23.0
1492231322,23.5
1492231382,23.5
1492231443,23.0
1492231502,22.5
1492231563,21.5
1492231623,21.0
1492231683,21.5
1492231742,22.0
1492231803,22.5
1492231863,23.0
1492231922,23.5
1492231982,23.5
1492232042,23.0
1492232102,22.5
1492232163,21.5
1492232222,21.0
1492232282,21.5
1492232343,22.0
1492232402,22.5
1492232462,23.0
1492232523,23.5
1492232583,23.5
1492232643,23.0
1492232702,22.5
1492232762,21.5
1492232823,21.0
1492232883,21.5
1492232943,22.0
1492233003,22.5
1492233063,23.0
1492233123,23.5
1492233182,23.5
1492233242,23.0
1492233303,22.0
1492233363,21.5
1492233422,21.5
1492233483,22.0
1492233542,22.5
1492233603,22.5
1492233662,23.0
1492233723,23.5
1492233783,23.0
1492233843,22.0
1492233902,21.5
1492233962,21.5
1492234022,22.0
1492234083,22.0
1492234143,22.5
1492234203,23.0
1492234262,23.5
1492234322,23.0
1492234382,22.0
1492234443,21.5
1492234503,21.5
1492234563,22.0
1492234622,22.5
1492234683,22.5
1492234742,23.0
1492234803,23.5
1492234862,23.0
1492234922,22.0
1492234983,21.5
1492235043,21.5
1492235103,21.5
1492235163,22.0
1492235223,22.5
1492235283,23.0
1492235343,23.5
1492235403,23.5
1492235463,23.0
1492235522,22.0
1492235583,21.5
1492235643,21.0
1492235703,21.5
1492235762,22.0
1492235822,22.5
1492235882,23.0
1492235942,23.0
1492236002,23.5
1492236063,23.0
1492236123,22.0
1492236183,21.5
1492236242,21.5
1492236302,22.0
1492236362,22.0
1492236423,22.5
1492236483,23.0
1492236542,23.5
1492236602,23.0
1492236663,22.0
1492236723,21.5
1492236783,21.0
1492236842,21.5
1492236902,22.0
1492236962,22.5
1492237022,23.0
1492237082,23.0
1492237142,23.5
1492237203,23.0
1492237262,22.0
1492237322,21.5
1492237382,21.5
1492237443,21.5
1492237502,22.0
1492237562,22.5
1492237623,23.0
1492237683,23.5
1492237742,23.5
1492237802,23.0
1492237863,22.5
1492237923,21.5
1492237983,21.0
1492238042,21.5
1492238103,22.0
1492238163,22.5
1492238223,23.0
1492238282,23.0
1492238343,23.5
1492238403,23.0
1492238462,22.0
1492238522,21.5
1492238583,21.0
1492238643,21.5
1492238702,22.0
1492238762,22.5
1492238822,23.0
1492238882,23.0
1492238942,23.5
1492239002,23.0
1492239062,22.0
1492239122,21.5
1492239182,21.0
1492239243,21.5
1492239302,22.0
1492239363,22.5
1492239423,23.0
1492239483,23.0
1492239543,23.5
1492239603,23.0
1492239662,22.0
1492239723,21.5
1492239783,21.0
1492239843,21.5
1492239902,22.0
1492239963,22.5
1492240023,23.0
1492240083,23.5
1492240143,23.5
1492240202,23.0
1492240262,22.5
1492240322,21.5
1492240383,21.5
1492240443,21.5
1492240502,22.0
1492240562,22.5
1492240623,23.0
1492240683,23.5
1492240743,23.5
1492240803,23.0
1492240863,22.5
1492240922,21.5
1492240983,21.0
1492241042,21.5
1492241103,22.0
1492241162,22.5
1492241222,23.0
1492241282,23.0
1492241342,23.5
1492241403,23.0
1492241462,22.5
1492241522,21.5
1492241583,21.5
1492241643,21.5
1492241702,22.0
1492241762,22.5
1492241823,23.0
1492241882,23.5
1492241942,23.5
1492242003,23.5
1492242063,22.5
1492242122,21.5
1492242182,21.0
1492242243,21.5
1492242302,22.0
1492242363,22.5
1492242423,23.0
1492242482,23.0
1492242543,23.5
1492242603,23.0
1492242662,22.5
1492242722,21.5
1492242783,21.5
1492242842,22.0
1492242902,22.5
1492242962,22.5
1492243023,23.0
1492243083,23.5
1492243142,23.0
1492243202,22.0
1492243262,21.5
1492243323,21.5
1492243383,21.5
1492243442,22.0
1492243503,22.5
1492243563,23.0
1492243622,23.0
1492243682,23.5
1492243743,23.0
1492243802,22.5
1492243862,21.5
1492243923,21.5
1492243983,21.5
1492244043,22.0
1492244102,22.5
1492244162,23.0
1492244223,23.5
1492244283,23.0
1492244342,22.0
1492244402,21.5
1492244462,21.5
1492244522,22.0
1492244583,22.0
1492244643,22.5
1492244703,23.0
1492244762,23.5
1492244823,23.0
1492244883,22.0
1492244943,21.5
1492245003,21.0
1492245063,21.5
1492245122,22.0
1492245182,22.5
1492245242,23.0
1492245303,23.5
1492245362,23.5
1492245422,23.5
1492245483,22.0
1492245542,21.5
1492245602,21.5
1492245662,21.5
1492245722,22.0
1492245783,22.5
1492245842,23.0
1492245902,23.0
1492245963,23.5
1492246023,23.5
1492246083,22.5
1492246142,21.5
1492246202,21.0
1492246262,21.5
1492246323,22.0
1492246383,22.5
1492246443,23.0
1492246503,23.0
1492246562,23.5
1492246622,23.5
1492246682,22.5
1492246743,21.5
1492246803,21.5
1492246862,22.0
1492246922,22.5
1492246982,22.5
1492247043,23.0
1492247103,23.5
1492247162,23.0
1492247222,22.0
1492247282,21.5
1492247342,21.5
1492247403,21.5
1492247463,22.0
1492247523,22.5
1492247583,23.0
1492247642,23.5
1492247703,23.5
1492247762,23.5
1492247823,22.5
1492247883,21.5
1492247942,21.0
1492248002,21.5
1492248063,22.0
1492248123,22.5
1492248183,23.0
1492248242,23.0
1492248303,23.5
1492248363,23.5
1492248422,22.5
1492248482,21.5
1492248543,21.0
1492248603,21.5
1492248662,22.0
1492248723,22.5
1492248782,23.0
1492248842,23.0
1492248903,23.5
1492248962,23.5
1492249023,22.5
1492249083,21.5
1492249143,21.0
1492249202,21.5
1492249262,22.0
1492249323,22.5
1492249383,23.0
1492249442,23.0
1492249502,23.5
1492249563,23.0
1492249622,22.5
1492249682,21.5
1492249742,21.5
1492249802,21.5
1492249863,22.0
1492249922,22.5
1492249982,23.0
1492250043,23.5
1492250103,23.5
1492250162,23.5
1492250222,22.5
1492250283,21.5
1492250343,21.0
1492250402,21.5
1492250462,22.0
1492250522,22.5
1492250583,23.0
1492250643,23.0
1492250702,23.5
1492250762,23.5
1492250822,22.5
1492250883,21.5
1492250943,21.0
1492251002,21.5
1492251062,22.0
1492251123,22.5
1492251183,23.0
1492251243,23.0
1492251302,23.5
1492251362,23.5
1492251423,22.5
1492251483,21.5
1492251542,21.5
1492251602,21.5
1492251662,22.0
1492251722,22.5
1492251783,23.0
1492251843,23.0
1492251902,23.5
1492251962,23.5
1492252023,22.5
1492252082,21.5
1492252142,21.0
1492252202,21.5
1492252263,22.0
1492252322,22.5
1492252382,23.0
1492252442,23.0
1492252503,23.5
1492252563,23.5
1492252622,22.5
1492252682,21.5
1492252743,21.0
1492252803,21.5
1492252863,22.0
1492252922,22.5
1492252982,23.0
1492253043,23.0
1492253163,23.5
1492253222,22.5
1492253283,21.5
1492253343,21.5
1492253403,21.5
1492253462,22.0
1492253522,22.5
1492253583,23.0
1492253643,23.0
1492253703,23.5
1492253762,23.5
1492253822,22.5
1492253883,21.5
1492253943,21.0
1492254003,21.5
1492254062,22.0
1492254123,22.5
1492254182,23.0
1492254242,23.0
1492254303,23.5
1492254362,23.5
1492254422,22.5
1492254483,21.5
1492254543,21.5
1492254602,21.5
1492254662,22.0
1492254723,22.5
1492254783,23.0
1492254843,23.5
1492254902,23.5
1492254962,23.5
1492255023,22.5
1492255083,21.5
1492255142,21.5
1492255202,21.5
1492255262,22.0
1492255323,22.5
1492255382,23.0
1492255442,23.0
1492255502,23.5
1492255562,23.5
1492255622,22.5
1492255682,21.5
1492255743,21.5
1492255803,21.5
1492255862,22.0
1492255922,22.5
1492255983,23.0
1492256043,23.0
1492256103,23.5
1492256163,23.5
1492256223,22.5
1492256282,21.5
1492256343,21.5
1492256403,21.5
1492256462,22.0
1492256522,22.5
1492256583,23.0
1492256642,23.0
1492256702,23.5
1492256762,23.5
1492256822,22.5
1492256882,21.5
1492256942,21.0
1492257002,21.5
1492257063,22.0
1492257122,22.5
1492257182,23.0
1492257242,23.0
1492257302,23.5
1492257362,23.5
1492257422,22.5
1492257483,21.5
1492257543,21.5
1492257603,21.5
1492257662,22.0
1492257722,22.5
1492257783,23.0
1492257843,23.0
1492257902,23.5
1492257962,23.5
1492258022,22.5
1492258082,21.5
1492258143,21.5
1492258202,21.5
1492258262,22.0
1492258322,22.5
1492258383,23.0
1492258443,23.0
1492258503,23.5
1492258563,23.5
1492258622,22.5
1492258682,21.5
1492258743,21.5
1492258802,21.5
1492258863,22.0
1492258923,22.5
1492258983,23.0
1492259042,23.0
1492259102,23.5
1492259163,23.5
1492259223,22.5
1492259283,21.5
1492259342,21.0
1492259402,21.5
1492259463,21.5
1492259522,22.0
1492259582,22.5
1492259642,23.0
1492259703,23.0
1492259763,23.0
1492259822,22.5
1492259882,21.5
1492259943,21.5
1492260003,21.5
1492260062,22.0
1492260122,22.5
1492260183,23.0
1492260242,23.0
1492260302,23.5
1492260363,23.5
1492260423,22.5
1492260482,21.5
1492260542,21.0
1492260602,21.5
1492260663,22.0
1492260723,22.5
1492260783,23.0
1492260843,23.0
1492260902,23.5
1492260963,23.5
1492261023,22.5
1492261083,21.5
1492261142,21.5
1492261202,21.5
1492261262,22.0
1492261322,22.5
1492261383,23.0
1492261443,23.0
1492261502,23.0
1492261562,22.5
1492261622,21.5
1492261683,21.0
1492261743,21.5
1492261802,22.0
1492261862,22.5
1492261923,23.0
1492261983,23.0
1492262043,23.5
1492262102,23.5
1492262163,22.5
1492262223,21.5
1492262282,21.0
1492262342,21.5
1492262402,22.0
1492262463,22.5
1492262523,23.0
1492262584,23.0
1492262643,23.5
1492262703,23.5
1492262763,22.5
1492262823,21.5
1492262883,21.0
1492262942,21.5
1492263002,22.0
1492263063,22.5
1492263122,23.0
1492263182,23.0
1492263243,23.5
1492263303,23.5
1492263362,22.5
1492263422,21.5
1492263482,21.0
1492263542,21.5
1492263603,22.0
1492263663,22.5
1492263722,23.0
1492263782,23.0
1492263842,23.5
1492263902,23.5
1492263963,22.5
1492264023,21.5
1492264082,21.0
1492264142,21.5
1492264202,22.0
1492264263,22.5
1492264323,23.0
1492264382,23.0
1492264442,23.5
1492264503,23.5
1492264562,22.5
1492264623,21.5
1492264683,21.5
1492264743,21.5
1492264802,22.0
1492264863,22.5
1492264922,23.0
1492264982,23.0
1492265042,23.5
1492265103,23.5
1492265163,22.5
1492265223,21.5
1492265282,21.5
1492265342,21.5
1492265402,22.0
1492265462,22.5
1492265523,23.0
1492265583,23.0
1492265642,23.5
1492265702,23.5
1492265763,22.5
1492265823,21.5
1492265882,21.0
1492265942,21.5
1492266003,22.0
1492266062,22.5
1492266123,22.5
1492266183,23.0
1492266242,23.5
1492266302,23.5
1492266362,22.5
1492266423,21.5
1492266483,21.5
1492266542,21.5
1492266602,22.0
1492266662,22.5
1492266723,23.0
1492266783,23.0
1492266843,23.5
1492266902,23.5
1492266962,22.5
1492267023,22.0
1492267082,21.5
1492267142,21.5
1492267202,22.0
1492267263,22.5
1492267323,23.0
1492267383,23.0
1492267442,23.5
1492267502,23.5
1492267563,22.5
1492267623,22.0
1492267682,21.0
1492267743,21.5
1492267803,22.0
1492267863,22.5
1492267922,23.0
1492267982,23.0
1492268042,23.5
1492268102,23.5
1492268163,22.5
1492268223,22.0
1492268282,21.0
1492268343,21.5
1492268403,22.0
1492268462,22.5
1492268522,22.5
1492268583,23.0
1492268643,23.5
1492268703,23.5
1492268762,23.5
1492268822,23.5
1492268883,22.5
1492268943,21.5
1492269003,21.0
1492269063,21.5
1492269122,22.0
1492269182,22.5
1492269243,23.0
1492269303,23.0
1492269363,23.5
1492269423,22.5
1492269482,21.5
1492269543,21.0
1492269603,21.5
1492269663,22.0
1492269723,22.5
1492269782,23.0
1492269843,23.0
1492269902,23.5
1492269962,23.5
1492270023,22.5
1492270083,22.0
1492270143,21.0
1492270202,21.5
1492270263,22.0
1492270323,22.5
1492270383,23.0
1492270442,23.0
1492270502,23.5
1492270563,23.5
1492270623,22.5
1492270683,22.0
1492270742,21.0
1492270802,21.5
1492270863,22.0
1492270922,22.5
1492270983,23.0
1492271043,23.0
1492271103,23.5
1492271162,23.5
1492271222,23.0
1492271282,22.0
1492271343,21.0
1492271403,21.5
1492271463,21.5
1492271522,22.0
1492271582,22.5
1492271643,23.0
1492271703,23.5
1492271762,23.5
1492271823,22.5
1492271883,21.5
1492271942,21.5
1492272002,21.5
1492272062,22.0
1492272123,22.5
1492272182,23.0
1492272242,23.0
1492272303,23.5
1492272363,23.5
1492272422,23.0
1492272482,22.0
1492272543,21.0
1492272603,21.5
1492272662,22.0
1492272722,22.5
1492272783,23.0
1492272843,23.0
1492272903,23.5
1492272962,23.5
1492273022,23.0
1492273083,22.0
1492273142,21.0
1492273202,21.0
1492273262,21.5
1492273323,22.0
1492273382,22.5
1492273443,23.0
1492273503,23.0
1492273563,23.5
1492273622,22.5
1492273682,21.5
1492273743,21.0
1492273803,21.5
1492273862,22.0
1492273922,22.5
1492273983,23.0
1492274043,23.0
1492274102,23.5
1492274163,23.5
1492274223,22.5
1492274282,22.0
1492274343,21.0
1492274402,21.5
1492274462,21.5
1492274523,22.0
1492274583,22.5
1492274642,23.0
1492274703,23.5
1492274763,23.5
1492274823,22.5
1492274882,21.5
1492274942,21.0
1492275002,21.5
1492275062,22.0
1492275122,22.5
1492275183,23.0
1492275243,23.0
1492275302,23.5
1492275362,23.5
1492275422,23.0
1492275482,22.0
1492275543,21.5
1492275602,21.5
1492275662,22.0
1492275722,22.5
1492275783,23.0
1492275843,23.0
1492275902,23.5
1492275962,23.5
1492276022,23.0
1492276082,22.5
1492276143,21.5
1492276203,21.5
1492276263,22.0
1492276322,22.0
1492276382,22.5
1492276442,23.0
1492276503,23.5
1492276563,23.5
1492276623,22.5
1492276683,22.0
1492276743,21.5
1492276802,21.5
1492276862,22.0
1492276922,22.5
1492276983,23.0
1492277042,23.0
1492277102,23.5
1492277163,23.5
1492277223,23.0
1492277282,22.0
1492277342,21.5
1492277403,21.5
1492277463,22.0
1492277523,22.5
1492277582,23.0
1492277643,23.0
1492277703,23.5
1492277763,23.5
1492277822,23.0
1492277882,22.0
1492277943,21.5
1492278003,21.5
1492278062,22.0
1492278123,22.5
1492278183,23.0
1492278243,23.0
1492278302,23.5
1492278362,23.0
1492278423,22.0
1492278483,21.5
1492278542,21.5
1492278602,22.0
1492278662,22.5
1492278723,23.0
1492278783,23.5
1492278842,23.5
1492278902,23.0
1492278963,22.0
1492279023,21.5
1492279082,21.5
1492279142,22.0
1492279203,22.5
1492279263,23.0
1492279322,23.0
1492279383,23.5
1492279443,22.5
1492279503,22.0
1492279562,21.0
1492279622,21.5
1492279682,21.5
1492279743,22.0
1492279803,22.5
1492279863,23.0
1492279923,23.5
1492279982,23.5
1492280042,23.0
1492280102,22.0
1492280163,21.0
1492280222,21.5
1492280282,21.5
1492280343,22.0
1492280403,22.5
1492280462,23.0
1492280523,23.5
1492280583,23.5
1492280642,23.0
1492280702,22.0
1492280763,21.0
1492280823,21.5
1492280883,22.0
1492280942,22.5
1492281002,22.5
1492281062,23.0
1492281122,23.5
1492281183,23.5
1492281243,23.0
1492281302,22.0
1492281362,21.5
1492281423,21.5
1492281482,22.0
1492281542,22.5
1492281603,22.5
1492281663,23.0
1492281723,23.5
1492281782,22.5
1492281842,22.0
1492281903,21.0
1492281963,21.5
1492282022,22.0
1492282082,22.5
1492282143,23.0
1492282203,23.0
1492282262,23.5
1492282323,22.5
1492282383,22.0
1492282443,21.5
1492282502,21.5
1492282562,22.0
1492282623,22.5
1492282683,23.0
1492282743,23.0
1492282803,23.5
1492282863,23.0
1492282923,22.0
1492282983,21.0
1492283042,21.0
1492283102,21.5
1492283163,22.0
1492283223,22.5
1492283283,23.0
1492283342,23.5
1492283403,23.5
1492283463,23.5
1492283523,23.5
1492283582,22.5
1492283642,21.5
1492283703,21.5
1492283763,21.5
1492283822,22.0
1492283882,22.5
1492283942,23.0
1492284003,23.5
1492284063,23.5
1492284122,23.0
1492284182,22.0
1492284242,21.5
1492284303,21.5
1492284363,22.0
1492284422,22.5
1492284482,23.0
1492284543,23.0
1492284603,23.5
1492284662,23.0
1492284722,22.0
1492284782,21.0
1492284842,21.5
1492284903,22.0
1492284962,22.5
1492285023,23.0
1492285083,23.0
1492285143,23.5
1492285202,23.0
1492285262,22.0
1492285323,21.5
1492285383,21.5
1492285442,22.0
1492285502,22.5
1492285562,23.0
1492285623,23.0
1492285683,23.5
1492285742,23.0
1492285802,22.0
1492285863,21.5
1492285923,21.5
1492285983,22.0
1492286043,22.5
1492286103,23.0
1492286163,23.0
1492286222,23.5
1492286282,23.0
1492286342,22.0
1492286402,21.5
1492286462,21.5
1492286523,22.0
1492286583,22.5
1492286642,23.0
1492286702,23.0
1492286762,23.5
1492286822,23.0
1492286883,22.0
1492286943,21.5
1492287002,21.5
1492287062,22.0
1492287123,22.5
1492287183,23.0
1492287242,23.0
1492287302,23.5
1492287362,23.0
1492287423,22.0
1492287483,21.0
1492287542,21.5
1492287602,22.0
1492287662,22.5
1492287723,23.0
1492287783,23.0
1492287842,23.5
1492287902,23.0
1492287963,22.0
1492288023,21.0
1492288082,21.5
1492288142,22.0
1492288203,22.5
1492288263,22.5
1492288322,23.0
1492288382,23.5
1492288443,23.5
1492288502,23.0
1492288563,22.0
1492288622,21.5
1492288683,21.5
1492288743,22.0
1492288802,22.5
1492288862,22.5
1492288923,23.0
1492288983,23.5
1492289042,23.5
1492289103,23.5
1492289163,22.5
1492289222,21.5
1492289282,21.0
1492289342,21.5
1492289403,22.0
1492289463,22.5
1492289522,23.0
1492289583,23.5
1492289643,23.5
1492289703,23.0
1492289762,22.0
1492289822,21.5
1492289882,21.5
1492289943,22.0
1492290003,22.5
1492290062,23.0
1492290122,23.0
1492290183,23.5
1492290242,23.0
1492290302,22.0
1492290362,21.5
1492290423,21.5
1492290483,22.0
1492290542,22.5
1492290602,23.0
1492290662,23.0
1492290723,23.5
1492290783,23.0
1492290842,22.0
1492290902,21.5
1492290963,21.5
1492291022,22.0
1492291083,22.5
1492291143,23.0
1492291202,23.0
1492291262,23.5
1492291322,23.0
1492291383,22.0
1492291443,21.5
1492291502,21.5
1492291562,22.0
1492291623,22.5
1492291682,23.0
1492291742,23.0
1492291802,23.5
1492291862,23.0
1492291922,22.0
1492291983,21.5
1492292042,21.5
1492292102,22.0
1492292162,22.5
1492292222,23.0
1492292283,23.0
1492292343,23.5
1492292403,23.0
1492292463,22.0
1492292522,21.5
1492292582,21.5
1492292642,22.0
1492292703,22.5
1492292763,23.0
1492292823,23.5
1492292882,23.5
1492292942,23.0
1492293002,22.0
1492293063,21.5
1492293122,21.5
1492293183,22.0
1492293243,22.5
1492293303,23.0
1492293362,23.0
1492293422,23.5
1492293483,23.0
1492293543,22.0
1492293602,21.5
1492293662,21.5
1492293723,22.0
1492293783,22.5
1492293843,23.0
1492293902,23.0
1492293962,23.5
1492294022,24.0
1492294083,23.5
1492294142,23.0
1492294202,22.0
1492294262,21.0
1492294323,21.5
1492294382,22.0
1492294443,22.5
1492294502,23.0
1492294562,23.0
1492294623,23.5
1492294682,23.0
1492294743,22.0
1492294803,21.5
1492294863,21.5
1492294923,22.0
1492294982,22.5
1492295043,23.0
1492295102,23.0
1492295162,23.5
1492295223,23.0
1492295282,22.0
1492295343,21.5
1492295402,21.5
1492295463,22.0
1492295523,22.5
1492295582,23.0
1492295643,23.0
1492295702,23.5
1492295763,23.0
1492295822,22.0
1492295883,21.5
1492295943,21.5
1492296002,22.0
1492296062,22.5
1492296123,23.0
1492296182,23.0
1492296242,23.5
1492296303,23.0
1492296362,22.0
1492296423,21.5
1492296482,21.5
1492296543,22.0
1492296602,22.5
1492296662,23.0
1492296722,23.0
1492296783,23.5
1492296842,23.0
1492296902,22.0
1492296962,21.5
1492297023,21.5
1492297083,22.0
1492297142,22.5
1492297203,23.0
1492297262,23.0
1492297323,23.5
1492297382,23.0
1492297443,22.0
1492297503,21.5
1492297563,21.5
1492297622,22.0
1492297682,22.5
1492297743,23.0
1492297803,23.0
1492297862,23.5
1492297922,23.0
1492297983,22.0
1492298042,21.5
1492298102,21.5
1492298163,22.0
1492298223,22.5
1492298282,23.0
1492298343,23.0
1492298403,23.5
1492298462,23.0
1492298522,22.0
1492298582,21.5
1492298643,21.5
1492298703,22.0
1492298762,22.5
1492298822,22.5
1492298882,23.0
1492298942,23.5
1492299003,23.0
1492299063,22.0
1492299123,21.5
1492299182,21.5
1492299242,22.0
1492299302,22.5
1492299363,23.0
1492299423,23.0
1492299483,23.5
1492299543,23.0
1492299603,22.0
1492299663,21.5
1492299723,21.5
1492299782,22.0
1492299842,22.5
1492299902,23.0
1492299962,23.0
1492300023,23.5
1492300082,23.0
1492300142,22.0
1492300202,21.5
1492300262,21.5
1492300322,22.0
1492300383,22.5
1492300442,23.0
1492300502,23.0
1492300562,23.5
1492300623,23.0
1492300682,22.0
1492300742,21.5
1492300803,21.0
1492300863,21.5
1492300922,22.0
1492300982,22.5
1492301043,23.0
1492301103,23.5
1492301163,23.5
1492301223,23.0
1492301282,22.0
1492301342,21.5
1492301403,21.0
1492301463,21.5
1492301522,22.0
1492301582,22.5
1492301642,23.0
1492301703,23.5
1492301762,23.5
1492301823,23.0
1492301883,22.0
1492301943,21.5
1492302002,21.5
1492302063,21.5
1492302123,22.0
1492302182,22.5
1492302242,23.0
1492302302,23.5
1492302363,23.0
1492302422,22.0
1492302482,21.5
1492302543,21.5
1492302602,22.0
1492302663,22.5
1492302723,23.0
1492302783,23.0
1492302843,23.5
1492302902,23.0
1492302962,22.5
1492303023,21.5
1492303083,21.5
1492303143,21.5
1492303202,22.0
1492303263,22.5
1492303323,23.0
1492303382,23.5
1492303442,23.5
1492303503,23.0
1492303563,22.5
1492303623,21.5
1492303682,21.0
1492303742,21.5
1492303803,22.0
1492303863,22.5
1492303923,23.0
1492303982,23.0
1492304042,23.5
1492304103,23.0
1492304163,22.0
1492304222,21.5
1492304282,21.5
1492304343,21.5
1492304402,22.0
1492304463,22.5
1492304524,23.0
1492304583,23.5
1492304642,23.0
1492304703,22.0
1492304763,21.5
1492304822,21.5
1492304882,22.0
1492304942,22.0
1492305003,22.5
1492305063,23.0
1492305122,23.5
1492305183,23.0
1492305243,22.0
1492305303,21.5
1492305362,21.5
1492305422,22.0
1492305483,22.0
1492305543,22.5
1492305603,23.0
1492305662,23.5
1492305723,23.0
1492305782,22.0
1492305842,21.5
1492305903,21.5
1492305962,21.5
1492306022,22.0
1492306082,22.5
1492306143,23.0
1492306203,23.5
1492306262,23.5
1492306322,23.5
1492306383,23.0
1492306442,22.0
1492306503,21.5
1492306563,21.5
1492306622,22.0
1492306682,22.5
1492306743,23.0
1492306803,23.0
1492306863,23.5
1492306922,23.0
1492306982,22.5
1492307042,21.5
1492307103,21.0
1492307162,21.5
1492307222,22.0
1492307282,22.5
1492307343,23.0
1492307403,23.0
1492307463,23.5
1492307523,23.5
1492307582,22.5
1492307642,21.5
1492307702,21.5
1492307762,21.5
1492307823,22.0
1492307883,22.5
1492307942,23.0
1492308002,23.5
1492308063,23.0
1492308123,22.0
1492308182,21.5
1492308242,21.5
1492308302,21.5
1492308362,22.0
1492308422,22.5
1492308483,23.0
1492308543,23.5
1492308602,23.0
1492308663,22.0
1492308723,21.5
1492308782,21.0
1492308843,21.5
1492308903,22.0
1492308962,22.5
1492309022,23.0
1492309083,23.5
1492309143,23.0
1492309202,22.0
1492309262,21.5
1492309322,21.0
1492309382,21.5
1492309443,22.0
1492309503,22.5
1492309562,23.0
1492309623,23.0
1492309682,23.5
1492309742,23.5
1492309803,22.5
1492309863,21.5
1492309922,21.5
1492309982,21.5
1492310043,22.0
1492310103,22.5
1492310163,23.0
1492310223,23.5
1492310283,23.5
1492310342,23.5
1492310402,22.5
1492310462,21.5
1492310523,21.5
1492310583,21.5
1492310642,22.0
1492310702,22.5
1492310762,23.0
1492310823,23.5
1492310882,23.5
1492310943,23.5
1492311002,22.5
1492311062,21.5
1492311122,21.0
1492311183,21.5
1492311243,22.0
1492311302,22.5
1492311362,23.0
1492311423,23.0
1492311483,23.5
1492311543,23.5
1492311602,22.5
1492311663,21.5
1492311723,21.0
1492311782,21.5
1492311842,22.0
1492311903,22.5
1492311963,23.0
1492312022,23.0
1492312083,23.5
1492312142,23.0
1492312202,22.5
1492312263,21.5
1492312323,21.5
1492312382,21.5
1492312442,22.0
1492312503,22.5
1492312562,23.0
1492312623,23.5
1492312683,23.0
1492312742,22.5
1492312802,21.5
1492312862,21.5
1492312923,21.5
1492312982,22.0
1492313042,22.5
1492313102,23.0
1492313162,23.5
1492313222,23.0
1492313283,22.5
1492313342,21.5
1492313403,21.0
1492313462,21.5
1492313522,22.0
1492313583,22.5
1492313643,23.0
1492313703,23.5
1492313762,23.0
1492313822,22.0
1492313883,21.5
1492313942,21.5
1492314002,21.5
1492314063,22.0
1492314123,22.5
1492314182,23.0
1492314242,23.5
1492314303,23.0
1492314363,22.5
1492314423,21.5
1492314482,21.5
1492314542,21.5
1492314603,22.0
1492314662,22.5
1492314722,23.0
1492314783,23.5
1492314843,23.0
1492314903,22.5
1492314962,21.5
1492315022,21.5
1492315082,21.5
1492315143,22.0
1492315203,22.5
1492315262,23.0
1492315323,23.5
1492315382,23.5
1492315443,23.5
1492315503,22.5
1492315563,21.5
1492315622,21.0
1492315682,21.5
1492315742,22.0
1492315802,22.5
1492315863,23.0
1492315922,23.0
1492315982,23.5
1492316042,23.5
1492316103,22.5
1492316163,21.5
1492316222,21.5
1492316282,21.5
1492316342,22.0
1492316403,22.5
1492316462,23.0
1492316522,23.5
1492316583,23.0
1492316642,22.5
1492316702,21.5
1492316762,21.5
1492316823,21.5
1492316883,22.0
1492316943,22.5
1492317002,23.0
1492317062,23.5
1492317123,23.0
1492317183,22.5
1492317243,21.5
1492317302,21.0
1492317362,21.5
1492317422,22.0
1492317483,22.5
1492317543,23.0
1492317603,23.0
1492317662,23.5
1492317723,23.5
1492317783,22.5
1492317843,21.5
1492317903,21.5
1492317962,21.5
1492318023,22.0
1492318083,22.5
1492318142,23.0
1492318202,23.0
1492318262,23.5
1492318323,23.5
1492318382,22.5
1492318442,21.5
1492318502,21.0
1492318562,21.5
1492318622,22.0
1492318682,22.5
1492318742,23.0
1492318803,23.0
1492318863,23.5
1492318923,23.5
1492318982,22.5
1492319042,21.5
1492319103,21.0
1492319163,21.5
1492319223,22.0
1492319282,22.5
1492319343,23.0
1492319403,23.0
1492319463,23.5
1492319523,23.5
1492319582,22.5
1492319642,21.5
1492319703,21.5
1492319763,21.5
1492319822,22.0
1492319882,22.5
1492319943,23.0
1492320003,23.0
1492320063,23.5
1492320122,23.5
1492320182,22.5
1492320242,21.5
1492320303,21.5
1492320363,21.5
1492320423,22.0
1492320483,22.5
1492320543,23.0
1492320603,23.5
1492320663,23.0
1492320723,22.5
1492320783,21.5
1492320843,21.0
1492320902,21.5
1492320962,22.0
1492321022,22.5
1492321083,23.0
1492321143,23.5
1492321202,23.5
1492321262,23.5
1492321322,22.5
1492321382,21.5
1492321443,21.5
1492321503,21.5
1492321563,22.0
1492321622,22.5
1492321682,23.0
1492321743,23.0
1492321803,23.5
1492321862,23.5
1492321923,22.5
1492321983,21.5
1492322043,21.5
1492322102,21.5
1492322163,22.0
1492322223,22.5
1492322282,23.0
1492322342,23.0
1492322402,23.0
1492322463,22.5
1492322523,21.5
1492322582,21.0
1492322643,21.5
1492322703,22.0
1492322763,22.5
1492322822,23.0
1492322882,23.0
1492322943,23.5
1492323003,23.5
1492323063,22.5
1492323123,21.5
1492323182,21.5
1492323242,21.5
1492323303,22.0
1492323363,22.5
1492323423,23.0
1492323483,23.0
1492323543,23.5
1492323602,23.5
1492323662,22.5
1492323723,21.5
1492323783,21.0
1492323842,21.5
1492323902,22.0
1492323963,22.5
1492324022,23.0
1492324083,23.0
1492324143,23.5
1492324202,23.5
1492324262,22.5
1492324323,21.5
1492324383,21.5
1492324443,21.5
1492324503,22.0
1492324562,22.5
1492324623,23.0
1492324682,23.0
1492324742,23.5
1492324803,22.5
1492324863,21.5
1492324923,21.0
1492324983,21.5
1492325042,22.0
1492325102,22.5
1492325162,23.0
1492325223,23.0
1492325283,23.5
1492325343,23.5
1492325402,22.5
1492325462,22.0
1492325522,21.5
1492325583,21.5
1492325643,22.0
1492325703,22.5
1492325762,23.0
1492325822,23.0
1492325882,23.5
1492325943,23.5
1492326002,22.5
1492326062,21.5
1492326122,21.5
1492326183,21.5
1492326242,22.0
1492326302,22.5
1492326363,23.0
1492326423,23.0
1492326482,23.5
1492326542,23.5
1492326603,22.5
1492326663,21.5
1492326723,21.0
1492326782,21.5
1492326843,22.0
1492326903,22.5
1492326963,22.5
1492327023,23.0
1492327082,23.5
1492327142,23.5
1492327203,22.5
1492327262,21.5
1492327322,21.5
1492327382,21.5
1492327442,22.0
1492327502,22.5
1492327562,23.0
1492327623,23.0
1492327682,23.0
1492327743,22.5
1492327802,21.5
1492327862,21.5
1492327923,21.5
1492327983,22.0
1492328042,22.5
1492328102,23.0
1492328162,23.5
1492328222,23.5
1492328283,22.5
1492328343,21.5
1492328403,21.0
1492328462,21.5
1492328522,22.0
1492328582,22.5
1492328643,22.5
1492328703,23.0
1492328762,23.5
1492328822,23.5
1492328882,22.5
1492328942,21.5
1492329003,21.0
1492329062,21.5
1492329122,22.0
1492329182,22.5
1492329243,22.5
1492329303,23.0
1492329362,23.5
1492329422,23.5
1492329482,22.5
1492329542,21.5
1492329603,21.0
1492329663,21.5
1492329722,22.0
1492329782,22.5
1492329842,23.0
1492329903,23.0
1492329963,23.5
1492330022,23.5
1492330082,22.5
1492330142,21.5
1492330203,21.5
1492330263,21.5
1492330323,22.0
1492330383,22.5
1492330443,23.0
1492330503,23.0
1492330562,23.5
1492330623,22.5
1492330683,21.5
1492330743,21.0
1492330802,21.5
1492330862,22.0
1492330923,22.5
1492330983,23.0
1492331042,23.0
1492331102,23.5
1492331163,23.5
1492331222,24.0
1492331282,23.5
1492331342,22.0
1492331403,21.5
1492331463,21.0
1492331523,21.5
1492331582,22.0
1492331642,22.5
1492331702,23.0
1492331762,23.0
1492331823,23.5
1492331883,22.5
1492331942,21.5
1492332003,21.0
1492332063,21.5
1492332122,22.0
1492332183,22.5
1492332242,23.0
1492332302,23.0
1492332363,23.5
1492332422,23.5
1492332482,22.5
1492332543,21.5
1492332603,21.0
1492332663,21.5
1492332723,22.0
1492332783,22.5
1492332843,23.0
1492332902,23.0
1492332962,23.5
1492333022,23.5
1492333083,22.5
1492333142,22.0
1492333202,21.5
1492333263,21.5
1492333322,22.0
1492333382,22.5
1492333442,23.0
1492333503,23.0
1492333563,23.5
1492333623,23.5
1492333683,22.5
1492333742,21.5
1492333802,21.0
1492333862,21.5
1492333923,22.0
1492333982,22.5
1492334043,22.5
1492334102,23.0
1492334162,23.5
1492334223,23.5
1492334283,22.5
1492334343,21.5
1492334402,21.0
1492334462,21.5
1492334523,22.0
1492334582,22.0
1492334642,22.5
1492334702,23.0
1492334763,23.5
1492334822,23.5
1492334882,22.5
1492334943,21.5
1492335002,21.0
1492335062,21.5
1492335122,22.0
1492335183,22.5
1492335243,23.0
1492335302,23.0
1492335362,23.5
1492335422,23.5
1492335482,23.0
1492335543,22.0
1492335602,21.0
1492335662,21.5
1492335723,21.5
1492335783,22.0
1492335843,22.5
1492335902,23.0
1492335963,23.5
1492336023,23.5
1492336082,22.5
1492336143,21.5
1492336203,21.5
1492336263,21.5
1492336322,22.0
1492336382,22.5
1492336443,23.0
1492336503,23.0
1492336563,23.5
1492336622,23.5
1492336682,22.5
1492336743,22.0
1492336803,21.0
1492336863,21.5
1492336922,22.0
1492336982,22.5
1492337042,22.5
1492337103,23.0
1492337162,23.5
1492337222,23.5
1492337283,22.5
1492337343,21.5
1492337402,21.0
1492337462,21.5
1492337522,22.0
1492337583,22.5
1492337643,22.5
1492337703,23.0
1492337763,23.5
1492337822,23.5
1492337882,22.5
1492337943,22.0
1492338003,21.0
1492338063,21.5
1492338122,22.0
1492338182,22.5
1492338243,23.0
1492338302,23.0
1492338362,23.5
1492338423,23.5
1492338483,22.5
1492338543,22.0
1492338602,21.5
1492338662,21.5
1492338723,22.0
1492338782,22.5
1492338842,23.0
1492338903,23.0
1492338963,23.5
1492339022,23.5
1492339082,22.5
1492339142,22.0
1492339203,21.0
1492339263,21.5
1492339322,22.0
1492339382,22.5
1492339443,22.5
1492339503,23.0
1492339563,23.5
1492339622,23.5
1492339682,22.5
1492339743,22.0
1492339803,21.0
1492339863,21.5
1492339922,22.0
1492339982,22.5
1492340043,22.5
1492340103,23.0
1492340163,23.5
1492340222,23.5
1492340283,22.5
1492340343,22.0
1492340403,21.5
1492340462,21.5
1492340522,22.0
1492340583,22.5
1492340643,23.0
1492340703,23.0
1492340762,23.5
1492340822,23.5
1492340883,22.5
1492340942,22.0
1492341002,21.0
1492341063,21.5
1492341123,22.0
1492341183,22.5
1492341242,23.0
1492341303,23.0
1492341363,23.5
1492341422,23.5
1492341482,23.0
1492341542,22.0
1492341602,21.0
1492341663,21.5
1492341722,21.5
1492341782,22.0
1492341843,22.5
1492341902,23.0
1492341963,23.5
1492342022,23.5
1492342082,22.5
1492342142,22.0
1492342202,21.5
1492342263,21.5
1492342323,22.0
1492342383,22.5
1492342442,22.5
1492342502,23.0
1492342562,23.5
1492342623,23.5
1492342682,23.0
1492342742,22.0
1492342803,21.0
1492342863,21.5
1492342923,22.0
1492342982,22.5
1492343042,22.5
1492343102,23.0
1492343162,23.5
1492343222,23.5
1492343282,23.0
1492343342,22.0
1492343402,21.5
1492343463,21.5
1492343523,22.0
1492343583,22.5
1492343642,23.0
1492343702,23.0
1492343762,23.5
1492343823,23.5
1492343883,22.5
1492343942,22.0
1492344002,21.5
1492344063,21.5
1492344123,22.0
1492344182,22.5
1492344242,23.0
1492344302,23.0
1492344362,23.5
1492344422,22.5
1492344482,21.5
1492344543,21.0
1492344603,21.5
1492344662,22.0
1492344723,22.5
1492344783,23.0
1492344843,23.0
1492344902,23.5
1492344962,23.5
1492345023,23.0
1492345082,22.0
1492345142,21.5
1492345203,21.5
1492345263,22.0
1492345322,22.5
1492345382,23.0
1492345442,23.0
1492345503,23.5
1492345563,23.5
1492345623,23.0
1492345682,22.0
1492345742,21.0
1492345802,21.0
1492345863,21.5
1492345923,22.0
1492345982,22.5
1492346042,23.0
1492346103,23.0
1492346163,23.5
1492346222,22.5
1492346283,22.0
1492346343,21.5
1492346402,21.5
1492346462,22.0
1492346523,22.5
1492346582,23.0
1492346643,23.0
1492346703,23.5
1492346763,22.5
1492346822,21.5
1492346882,21.0
1492346942,21.5
1492347003,22.0
1492347063,22.5
1492347123,22.5
1492347182,23.0
1492347242,23.5
1492347303,23.5
1492347362,23.0
1492347422,22.0
1492347482,21.0
1492347542,21.5
1492347603,22.0
1492347663,22.5
1492347723,22.5
1492347782,23.0
1492347842,23.5
1492347903,23.5
1492347963,23.0
1492348023,22.0
1492348082,21.0
1492348142,21.5
1492348203,22.0
1492348262,22.5
1492348322,22.5
1492348383,23.0
1492348443,23.5
1492348503,23.5
1492348562,23.0
1492348622,22.0
1492348682,21.0
1492348743,21.5
1492348802,22.0
1492348863,22.5
1492348923,22.5
1492348983,23.0
1492349042,23.5
1492349103,23.5
1492349163,23.0
1492349222,22.0
1492349283,21.5
1492349342,21.5
1492349402,22.0
1492349463,22.5
1492349523,22.5
1492349582,23.0
1492349642,23.5
1492349702,23.5
1492349763,23.0
1492349822,22.0
1492349882,21.5
1492349942,21.5
1492350003,22.0
1492350063,22.5
1492350122,22.5
1492350182,23.0
1492350242,23.5
1492350303,23.5
1492350362,23.0
1492350422,22.0
1492350482,21.5
1492350543,21.5
1492350602,22.0
1492350662,22.5
1492350722,23.0
1492350782,23.0
1492350843,23.5
1492350902,22.5
1492350963,22.0
1492351022,21.5
1492351082,21.5
1492351143,22.0
1492351203,22.5
1492351262,23.0
1492351323,23.0
1492351383,23.5
1492351442,23.5
1492351502,23.0
1492351563,22.0
1492351623,21.0
1492351682,21.0
1492351743,21.5
1492351803,22.0
1492351862,22.5
1492351922,23.0
1492351983,23.5
1492352043,23.5
1492352102,23.0
1492352162,22.0
1492352223,21.0
1492352283,21.0
1492352342,21.5
1492352402,22.0
1492352462,22.5
1492352522,22.5
1492352583,23.0
1492352643,23.5
1492352703,23.5
1492352762,23.0
1492352823,22.0
1492352882,21.5
1492352942,21.5
1492353002,22.0
1492353063,22.5
1492353123,23.0
1492353183,23.0
1492353242,23.5
1492353302,23.5
1492353362,23.0
1492353423,22.0
1492353483,21.5
1492353542,21.5
1492353602,22.0
1492353662,22.0
1492353723,22.5
1492353783,23.0
1492353842,23.5
1492353902,23.5
1492353963,23.0
1492354023,22.0
1492354083,21.0
1492354142,21.5
1492354202,22.0
1492354263,22.5
1492354323,22.5
1492354383,23.0
1492354442,23.5
1492354503,23.5
1492354563,23.0
1492354623,22.0
1492354682,21.5
1492354742,21.5
1492354802,22.0
1492354862,22.5
1492354923,22.5
1492354983,23.0
1492355042,23.5
1492355102,23.5
1492355163,23.0
1492355223,22.0
1492355282,21.5
1492355342,21.5
1492355402,22.0
1492355463,22.5
1492355522,22.5
1492355582,23.0
1492355642,23.5
1492355703,23.5
1492355763,23.0
1492355822,22.0
1492355882,21.5
1492355943,21.5
1492356003,21.5
1492356062,22.0
1492356122,22.5
1492356182,23.0
1492356243,23.0
1492356302,23.5
1492356362,23.0
1492356423,22.0
1492356483,21.0
1492356542,21.5
1492356602,21.5
1492356663,22.0
1492356722,22.5
1492356782,23.0
1492356843,23.5
1492356902,23.5
1492356962,23.0
1492357022,22.0
1492357083,21.0
1492357143,21.0
1492357202,21.5
1492357262,22.0
1492357323,22.5
1492357383,23.0
1492357443,23.0
1492357502,23.5
1492357562,23.0
1492357623,22.0
1492357683,21.5
1492357742,21.5
1492357802,22.0
1492357863,22.5
1492357923,22.5
1492357983,23.0
1492358043,23.5
1492358103,23.5
1492358163,23.0
1492358222,22.0
1492358282,21.0
1492358342,21.5
1492358403,21.5
1492358463,22.0
1492358522,22.5
1492358582,23.0
1492358643,23.5
1492358703,23.5
1492358762,23.0
1492358823,22.0
1492358882,21.5
1492358943,21.5
1492359003,22.0
1492359062,22.5
1492359123,22.5
1492359183,23.0
1492359243,23.5
1492359302,23.0
1492359363,22.0
1492359423,21.5
1492359482,21.5
1492359542,22.0
1492359602,22.5
1492359663,22.5
1492359723,23.0
1492359782,23.5
1492359842,23.0
1492359903,22.0
1492359962,21.0
1492360023,21.5
1492360083,22.0
1492360142,22.5
1492360202,22.5
1492360263,23.0
1492360323,23.5
1492360382,23.5
1492360443,23.0
1492360502,22.0
1492360563,21.5
1492360622,21.5
1492360682,22.0
1492360742,22.5
1492360802,22.5
1492360863,23.0
1492360922,23.5
1492360982,23.5
1492361043,23.0
1492361103,22.0
1492361162,21.5
1492361222,21.5
1492361283,22.0
1492361343,22.5
1492361402,23.0
1492361463,23.0
1492361522,23.5
1492361582,23.0
1492361643,22.0
1492361703,21.5
1492361762,21.5
1492361822,22.0
1492361883,22.5
1492361943,23.0
1492362003,23.0
1492362063,23.5
1492362123,23.0
1492362182,22.0
1492362242,21.5
1492362303,21.5
1492362363,22.0
1492362423,22.5
1492362482,23.0
1492362542,23.0
1492362603,23.5
1492362663,23.0
1492362722,22.0
1492362782,21.5
1492362843,21.5
1492362903,22.0
1492362963,22.5
1492363022,23.0
1492363083,23.5
1492363143,23.5
1492363202,23.5
1492363262,23.5
1492363323,22.5
1492363383,22.0
1492363443,21.5
1492363502,21.5
1492363562,22.0
1492363623,22.5
1492363683,23.0
1492363743,23.0
1492363802,23.5
1492363862,23.0
1492363923,22.0
1492363982,21.5
1492364042,21.5
1492364103,22.0
1492364163,22.5
1492364223,22.5
1492364282,23.0
1492364342,23.5
1492364403,23.5
1492364463,23.0
1492364523,22.0
1492364582,21.5
1492364643,21.5
1492364702,21.5
1492364763,22.0
1492364823,22.5
1492364882,23.0
1492364943,23.5
1492365003,23.5
1492365063,23.0
1492365122,22.0
1492365182,21.5
1492365243,21.0
1492365302,21.5
1492365362,22.0
1492365423,22.5
1492365483,23.0
1492365543,23.5
1492365603,23.5
1492365663,23.5
1492365722,23.5
1492365782,22.5
1492365843,22.0
1492365903,21.0
1492365962,21.5
1492366022,22.0
1492366082,22.5
1492366142,23.0
1492366202,23.0
1492366262,23.5
1492366323,23.0
1492366383,22.0
1492366442,21.5
1492366502,21.5
1492366563,22.0
1492366623,22.5
1492366683,22.5
1492366742,23.0
1492366802,23.5
1492366863,23.0
1492366923,22.0
1492366982,21.5
1492367042,21.5
1492367103,22.0
1492367163,22.0
1492367222,22.5
1492367282,23.0
1492367342,23.5
1492367403,23.0
1492367462,22.0
1492367523,21.0
1492367583,21.0
1492367642,21.5
1492367703,22.0
1492367763,22.5
1492367822,23.0
1492367882,23.0
1492367943,23.5
1492368003,23.0
1492368062,22.0
1492368123,21.5
1492368182,21.5
1492368242,22.0
1492368303,22.0
1492368362,22.5
1492368423,23.0
1492368482,23.5
1492368543,23.5
1492368603,23.0
1492368662,22.5
1492368722,21.5
1492368782,21.0
1492368843,21.5
1492368902,22.0
1492368962,22.5
1492369022,23.0
1492369082,23.5
1492369143,23.5
1492369203,23.0
1492369263,22.0
1492369322,21.5
1492369383,21.5
1492369443,22.0
1492369502,22.0
1492369562,22.5
1492369623,23.0
1492369682,23.5
1492369743,23.0
1492369802,22.0
1492369863,21.5
1492369923,21.5
1492369982,22.0
1492370042,22.5
1492370103,22.5
1492370162,23.0
1492370223,23.5
1492370282,23.0
1492370343,22.0
1492370403,21.5
1492370462,21.5
1492370522,22.0
1492370583,22.5
1492370642,22.5
1492370702,23.0
1492370763,23.5
1492370823,23.0
1492370882,22.0
1492370943,21.5
1492371002,21.5
1492371063,22.0
1492371123,22.5
1492371182,22.5
1492371243,23.0
1492371303,23.5
1492371362,23.0
1492371423,22.0
1492371482,21.5
1492371542,21.5
1492371603,22.0
1492371663,22.5
1492371722,23.0
1492371783,23.0
1492371842,23.5
1492371902,23.0
1492371963,22.0
1492372022,21.5
1492372082,21.5
1492372143,22.0
1492372202,22.5
1492372263,22.5
1492372322,23.0
1492372382,23.5
1492372442,23.0
1492372503,22.0
1492372562,21.5
1492372622,21.5
1492372683,22.0
1492372743,22.5
1492372802,22.5
1492372863,23.0
1492372923,23.5
1492372983,23.0
1492373042,22.0
1492373102,21.5
1492373163,21.5
1492373223,22.0
1492373283,22.5
1492373342,22.5
1492373402,23.0
1492373463,23.5
1492373522,23.0
1492373582,22.0
1492373643,21.5
1492373702,21.5
1492373763,22.0
1492373823,22.5
1492373882,23.0
1492373943,23.0
1492374003,23.5
1492374062,23.0
1492374122,22.0
1492374182,21.5
1492374242,21.5
1492374303,22.0
1492374362,22.5
1492374422,23.0
1492374483,23.0
1492374543,23.5
1492374602,23.0
1492374663,22.0
1492374723,21.5
1492374783,21.5
1492374842,22.0
1492374902,22.5
1492374963,22.5
1492375023,23.0
1492375082,23.5
1492375142,23.0
1492375203,22.5
1492375263,21.5
1492375323,21.0
1492375382,21.5
1492375442,22.0
1492375502,22.5
1492375563,23.0
1492375623,23.0
1492375682,23.5
1492375742,23.0
1492375802,22.5
1492375863,21.5
1492375923,21.0
1492375982,21.5
1492376042,22.0
1492376103,22.5
1492376163,23.0
1492376222,23.5
1492376282,23.0
1492376343,22.0
1492376403,21.5
1492376463,21.5
1492376522,21.5
1492376582,22.0
1492376642,22.5
1492376703,23.0
1492376762,23.5
1492376822,23.0
1492376883,22.0
1492376943,21.5
1492377002,21.5
1492377063,22.0
1492377123,22.5
1492377182,22.5
1492377242,23.0
1492377302,23.5
1492377362,23.0
1492377422,22.5
1492377482,21.5
1492377542,21.5
1492377603,21.5
1492377663,22.0
1492377723,22.5
1492377783,23.0
1492377843,23.5
1492377902,23.0
1492377962,22.0
1492378023,21.5
1492378083,21.5
1492378142,22.0
1492378202,22.0
1492378262,22.5
1492378323,23.0
1492378383,23.5
1492378442,23.0
1492378502,22.0
1492378563,21.5
1492378622,21.5
1492378682,21.5
1492378743,22.0
1492378803,22.5
1492378863,23.0
1492378922,23.5
1492378982,23.0
1492379042,22.0
1492379103,21.5
1492379163,21.5
1492379222,22.0
1492379282,22.5
1492379343,22.5
1492379403,23.0
1492379462,23.5
1492379523,23.0
1492379582,22.5
1492379642,21.5
1492379702,21.5
1492379763,21.5
1492379823,22.0
1492379882,22.5
1492379942,23.0
1492380002,23.5
1492380063,23.0
1492380123,22.0
1492380183,21.5
1492380242,21.5
1492380302,22.0
1492380362,22.5
1492380423,22.5
1492380483,23.0
1492380543,23.5
1492380603,23.0
1492380662,22.5
1492380722,21.5
1492380783,21.5
1492380843,22.0
1492380902,22.5
1492380962,22.5
1492381023,23.0
1492381082,23.5
1492381142,23.5
1492381203,22.5
1492381262,21.5
1492381323,21.5
1492381382,22.0
1492381442,22.0
1492381502,22.5
1492381562,23.0
1492381623,23.5
1492381682,23.5
1492381742,22.5
1492381803,21.5
1492381862,21.5
1492381922,21.5
1492381983,22.0
1492382042,22.5
1492382102,23.0
1492382163,23.5
1492382222,23.5
1492382282,22.5
1492382343,21.5
1492382403,21.5
1492382462,22.0
1492382523,22.5
1492382583,22.5
1492382643,23.0
1492382702,23.5
1492382762,23.5
1492382823,22.5
1492382882,21.5
1492382942,21.5
1492383003,21.5
1492383063,22.5
1492383122,22.5
1492383182,23.0
1492383243,23.5
1492383303,23.5
1492383362,22.5
1492383422,21.5
1492383482,21.5
1492383542,22.0
1492383603,22.5
1492383663,22.5
1492383723,23.0
1492383782,23.5
1492383842,23.5
1492383903,22.5
1492383963,21.5
1492384023,21.5
1492384082,21.5
1492384143,22.0
1492384203,22.5
1492384262,23.0
1492384322,23.5
1492384383,23.0
1492384443,22.5
1492384503,21.5
1492384562,21.0
1492384622,21.5
1492384683,22.0
1492384743,22.5
1492384802,23.0
1492384862,23.0
1492384923,23.5
1492384983,24.0
1492385043,24.0
1492385103,23.0
1492385162,22.0
1492385222,21.5
1492385282,21.5
1492385343,22.0
1492385403,22.5
1492385463,22.5
1492385523,23.0
1492385582,23.5
1492385642,23.5
1492385703,22.5
1492385762,21.5
1492385823,21.0
1492385883,21.5
1492385942,22.0
1492386002,22.5
1492386063,23.0
1492386123,23.5
1492386183,23.0
1492386242,22.5
1492386302,21.5
1492386363,21.5
1492386423,22.0
1492386482,22.5
1492386542,23.0
1492386602,23.0
1492386663,23.5
1492386723,23.5
1492386782,22.5
1492386843,22.0
1492386903,21.5
1492386963,21.5
1492387022,22.0
1492387082,22.5
1492387143,23.0
1492387203,23.5
1492387263,23.0
1492387322,22.5
1492387382,21.5
1492387443,21.0
1492387503,21.5
1492387563,22.0
1492387623,22.5
1492387682,23.0
1492387742,23.5
1492387803,23.5
1492387863,22.5
1492387922,21.5
1492387982,21.0
1492388042,21.0
1492388102,21.5
1492388162,22.0
1492388223,22.5
1492388282,23.0
1492388342,23.5
1492388403,23.5
1492388463,23.5
1492388523,23.0
1492388582,22.0
1492388642,21.5
1492388703,21.5
1492388762,22.0
1492388822,22.5
1492388883,23.0
1492388943,23.0
1492389003,23.5
1492389063,23.5
1492389122,22.5
1492389182,21.5
1492389242,21.5
1492389303,22.0
1492389363,22.5
1492389423,22.5
1492389483,23.0
1492389542,23.5
1492389602,23.5
1492389662,22.5
1492389723,21.5
1492389783,21.5
1492389843,22.0
1492389902,22.5
1492389962,23.0
1492390022,23.0
1492390083,23.5
1492390142,23.5
1492390202,22.5
1492390262,22.0
1492390323,21.5
1492390383,22.0
1492390443,22.5
1492390502,22.5
1492390563,23.0
1492390623,23.5
1492390682,23.5
1492390742,22.5
1492390803,21.5
1492390862,21.0
1492390922,21.5
1492390983,22.0
1492391043,22.5
1492391102,23.0
1492391162,23.5
1492391223,23.5
1492391283,22.5
1492391343,21.5
1492391402,21.5
1492391462,21.5
1492391522,22.0
1492391582,22.5
1492391642,23.0
1492391703,23.5
1492391763,23.5
1492391822,22.5
1492391882,21.5
1492391943,21.5
1492392002,21.5
1492392063,22.0
1492392123,22.5
1492392182,23.0
1492392242,23.5
1492392303,23.5
1492392363,22.5
1492392422,21.5
1492392483,21.0
1492392542,21.5
1492392603,22.0
1492392662,22.5
1492392722,23.0
1492392783,23.0
1492392842,23.5
1492392902,22.5
1492392963,21.5
1492393023,21.5
1492393082,22.0
1492393142,22.0
1492393203,22.5
1492393263,23.0
1492393322,23.5
1492393382,23.5
1492393442,22.5
1492393503,21.5
1492393562,21.5
1492393622,21.5
1492393682,22.0
1492393742,22.5
1492393803,23.0
1492393862,23.5
1492393922,23.5
1492393982,22.5
1492394042,21.5
1492394102,21.0
1492394163,21.5
1492394223,22.0
1492394283,22.5
1492394342,23.0
1492394402,23.0
1492394463,23.5
1492394523,22.5
1492394583,21.5
1492394643,21.5
1492394702,22.0
1492394762,22.0
1492394823,22.5
1492394883,23.0
1492394942,23.5
1492395002,23.5
1492395063,22.5
1492395122,22.0
1492395183,21.5
1492395243,21.5
1492395302,22.0
1492395362,22.5
1492395422,23.0
1492395482,23.5
1492395542,23.5
1492395603,22.5
1492395663,22.0
1492395722,21.5
1492395782,21.5
1492395843,22.0
1492395902,22.5
1492395962,23.0
1492396023,23.5
1492396082,23.5
1492396143,22.5
1492396203,21.5
1492396263,21.0
1492396322,21.5
1492396382,22.0
1492396443,22.5
1492396503,23.0
1492396562,23.0
1492396622,23.5
1492396683,22.5
1492396742,21.5
1492396802,21.5
1492396863,21.5
1492396922,22.0
1492396982,22.5
1492397043,23.0
1492397103,23.5
1492397163,23.5
1492397223,22.5
1492397282,21.5
1492397342,21.0
1492397402,21.5
1492397462,22.0
1492397522,22.5
1492397583,23.0
1492397643,23.0
1492397703,23.5
1492397762,22.5
1492397823,21.5
1492397883,21.0
1492397942,21.5
1492398003,22.0
1492398062,22.5
1492398123,22.5
1492398182,23.0
1492398242,23.5
1492398303,23.5
1492398362,22.5
1492398422,21.5
1492398482,21.0
1492398543,21.5
1492398603,22.0
1492398662,22.5
1492398722,23.0
1492398783,23.0
1492398842,23.5
1492398903,22.5
1492398962,22.0
1492399023,21.0
1492399082,21.5
1492399143,22.0
1492399202,22.5
1492399262,23.0
1492399323,23.0
1492399383,23.5
1492399443,23.5
1492399503,22.5
1492399562,22.0
1492399623,21.5
1492399683,21.5
1492399742,22.0
1492399802,22.5
1492399862,23.0
1492399923,23.0
1492399983,23.5
1492400043,22.5
1492400103,21.5
1492400163,21.0
1492400223,21.5
1492400283,22.0
1492400342,22.5
1492400403,23.0
1492400462,23.0
1492400522,23.5
1492400583,22.5
1492400642,22.0
1492400702,21.0
1492400763,21.5
1492400823,22.0
1492400882,22.5
1492400942,23.0
1492401002,23.5
1492401062,23.5
1492401123,22.5
1492401182,21.5
1492401243,21.0
1492401302,21.5
1492401362,22.0
1492401422,22.5
1492401483,23.0
1492401543,23.0
1492401603,23.5
1492401662,23.5
1492401723,22.5
1492401783,22.0
1492401842,21.5
1492401902,21.5
1492401963,22.0
1492402022,22.5
1492402083,23.0
1492402143,23.0
1492402203,23.5
1492402262,22.5
1492402323,21.5
1492402383,21.5
1492402442,21.5
1492402502,22.0
1492402563,22.5
1492402623,23.0
1492402682,23.0
1492402742,23.5
1492402803,22.5
1492402863,21.5
1492402923,21.5
1492402983,21.5
1492403042,22.0
1492403102,22.5
1492403163,23.0
1492403223,23.0
1492403282,23.5
1492403343,22.5
1492403403,22.0
1492403462,21.5
1492403522,21.5
1492403582,22.0
1492403642,22.5
1492403703,23.0
1492403762,23.0
1492403823,23.5
1492403883,22.5
1492403942,22.0
1492404003,21.5
1492404063,21.5
1492404122,22.0
1492404182,22.5
1492404243,23.0
1492404303,23.5
1492404363,23.5
1492404423,22.5
1492404482,22.0
1492404542,21.5
1492404602,21.5
1492404663,22.0
1492404723,22.5
1492404783,23.0
1492404842,23.5
1492404903,23.5
1492404962,22.5
1492405022,22.0
1492405083,21.5
1492405143,21.5
1492405202,22.0
1492405262,22.5
1492405322,23.0
1492405383,23.5
1492405443,23.5
1492405502,22.5
1492405562,21.5
1492405623,21.0
1492405683,21.5
1492405743,22.0
1492405802,22.5
1492405863,22.5
1492405922,23.0
1492405982,23.5
1492406042,23.5
1492406102,23.0
1492406163,22.0
1492406223,21.0
1492406283,21.5
1492406343,21.5
1492406403,22.0
1492406463,22.5
1492406523,23.0
1492406583,23.5
1492406643,23.5
1492406702,22.5
1492406762,22.0
1492406822,21.0
1492406882,21.5
1492406942,22.0
1492407002,22.0
1492407062,22.5
1492407123,23.0
1492407183,23.5
1492407243,23.5
1492407302,22.5
1492407362,22.0
1492407423,21.5
1492407483,21.5
1492407543,22.0
1492407602,22.5
1492407662,23.0
1492407723,23.0
1492407783,23.5
1492407843,22.5
1492407903,21.5
1492407962,21.0
1492408022,21.5
1492408082,22.0
1492408143,22.5
1492408203,23.0
1492408263,23.0
1492408322,23.5
1492408382,23.5
1492408442,23.0
1492408502,22.0
1492408563,21.5
1492408623,21.5
1492408682,22.0
1492408742,22.5
1492408803,23.0
1492408862,23.0
1492408922,23.5
1492408983,23.5
1492409043,23.0
1492409102,22.0
1492409162,21.0
1492409223,21.5
1492409283,22.0
1492409343,22.5
1492409402,22.5
1492409462,23.0
1492409523,23.5
1492409583,23.5
1492409642,23.0
1492409702,22.0
1492409763,21.5
1492409823,21.5
1492409883,22.0
1492409942,22.5
1492410002,22.5
1492410062,23.0
1492410123,23.5
1492410182,23.5
1492410242,23.0
1492410303,22.0
1492410362,21.0
1492410423,21.5
1492410483,22.0
1492410543,22.5
1492410602,22.5
1492410663,23.0
1492410722,23.5
1492410782,23.5
1492410843,23.0
1492410903,22.0
1492410963,21.0
1492411022,21.5
1492411082,22.0
1492411143,22.5
1492411203,23.0
1492411263,23.0
1492411322,23.5
1492411383,23.5
1492411443,23.0
1492411503,22.0
1492411562,21.5
1492411622,21.5
1492411683,22.0
1492411742,22.5
1492411803,23.0
1492411862,23.0
1492411922,23.5
1492411983,22.5
1492412043,22.0
1492412103,21.5
1492412162,21.5
1492412223,22.0
1492412283,22.5
1492412342,23.0
1492412402,23.0
1492412462,23.5
1492412523,22.5
1492412582,22.0
1492412642,21.0
1492412702,21.5
1492412763,22.0
1492412823,22.5
1492412882,22.5
1492412942,23.0
1492413002,23.5
1492413063,23.5
1492413123,23.0
1492413182,22.0
1492413242,21.5
1492413303,21.5
1492413363,22.0
1492413422,22.5
1492413482,23.0
1492413542,23.0
1492413602,23.5
1492413663,23.5
1492413722,23.0
1492413782,22.0
1492413842,21.5
1492413902,21.5
1492413962,22.0
1492414023,22.5
1492414083,23.0
1492414143,23.0
1492414202,23.5
1492414262,23.0
1492414323,22.0
1492414382,21.5
1492414443,21.5
1492414502,22.0
1492414562,22.5
1492414623,23.0
1492414683,23.0
1492414742,23.5
1492414802,23.0
1492414862,22.0
1492414923,21.0
1492414983,21.5
1492415043,22.0
1492415102,22.5
1492415163,23.0
1492415223,23.0
1492415283,23.5
1492415342,23.5
1492415403,23.0
1492415463,22.0
1492415523,21.0
1492415583,21.5
1492415642,22.0
1492415702,22.5
1492415762,22.5
1492415822,23.0
1492415883,23.5
1492415942,23.5
1492416002,23.0
1492416063,22.0
1492416122,21.5
1492416182,21.5
1492416242,22.0
1492416303,22.5
1492416363,23.0
1492416423,23.0
1492416483,23.5
1492416543,23.5
1492416602,23.0
1492416663,22.0
1492416722,21.5
1492416782,21.5
1492416842,22.0
1492416902,22.5
1492416963,22.5
1492417023,23.0
1492417082,23.5
1492417142,23.5
1492417202,23.0
1492417263,22.0
1492417323,21.5
1492417382,21.5
1492417442,22.0
1492417503,22.5
1492417563,23.0
1492417622,23.0
1492417682,23.5
1492417742,23.5
1492417803,23.0
1492417863,22.0
1492417922,21.5
1492417982,21.5
1492418043,22.0
1492418103,22.5
1492418162,22.5
1492418222,23.0
1492418282,23.5
1492418342,23.5
1492418403,23.0
1492418462,22.0
1492418522,21.5
1492418583,21.5
1492418643,22.0
1492418702,22.5
1492418762,23.0
1492418823,23.0
1492418883,23.5
1492418943,23.5
1492419002,23.5
1492419062,22.5
1492419122,21.5
1492419183,21.5
1492419243,21.5
1492419303,22.0
1492419362,22.5
1492419422,23.0
1492419482,23.5
1492419543,23.5
1492419603,23.0
1492419663,22.0
1492419722,21.5
1492419782,21.5
1492419843,22.0
1492419903,22.5
1492419963,23.0
1492420022,23.0
1492420082,23.5
1492420143,23.0
1492420203,22.0
1492420263,21.0
1492420322,21.5
1492420382,22.0
1492420443,22.5
1492420503,23.0
1492420563,23.0
1492420622,23.5
1492420683,23.0
1492420742,22.0
1492420802,21.5
1492420863,21.5
1492420923,22.0
1492420983,22.5
1492421042,22.5
1492421102,23.0
1492421162,23.5
1492421222,23.5
1492421283,23.0
1492421343,22.0
1492421402,21.5
1492421462,21.5
1492421523,22.0
1492421582,22.5
1492421642,23.0
1492421703,23.0
1492421763,23.5
1492421822,23.0
1492421882,22.0
1492421943,21.5
1492422003,21.5
1492422063,22.0
1492422123,22.5
1492422183,23.0
1492422242,23.0
1492422302,23.5
1492422363,23.0
1492422423,22.0
1492422483,21.5
1492422542,21.5
1492422602,22.0
1492422663,22.5
1492422723,23.0
1492422783,23.0
1492422843,23.5
1492422902,23.5
1492422962,23.0
1492423022,22.0
1492423083,21.5
1492423143,21.5
1492423203,21.5
1492423262,22.0
1492423322,22.5
1492423383,23.0
1492423443,23.0
1492423503,23.5
1492423562,23.0
1492423622,22.0
1492423682,21.0
1492423743,21.5
1492423803,22.0
1492423862,22.0
1492423922,22.5
1492423982,23.0
1492424043,23.5
1492424103,23.5
1492424163,23.0
1492424222,22.0
1492424282,21.0
1492424343,21.5
1492424402,22.0
1492424462,22.5
1492424523,22.5
1492424583,23.0
1492424643,23.5
1492424702,23.5
1492424762,23.0
1492424823,22.0
1492424882,21.5
1492424942,21.5
1492425003,22.0
1492425063,22.5
1492425122,22.5
1492425182,23.0
1492425242,23.5
1492425303,23.5
1492425363,23.0
1492425422,22.0
1492425482,21.5
1492425542,21.0
1492425602,21.5
1492425663,22.0
1492425723,22.5
1492425782,23.0
1492425842,23.0
1492425903,23.5
1492425963,23.0
1492426023,22.0
1492426082,21.0
1492426142,21.5
1492426202,21.5
1492426263,22.0
1492426323,22.5
1492426382,23.0
1492426443,23.0
1492426503,23.5
1492426563,23.0
1492426622,22.0
1492426683,21.5
1492426743,21.5
1492426802,22.0
1492426863,22.5
1492426923,22.5
1492426982,23.0
1492427042,23.5
1492427103,23.5
1492427162,23.0
1492427222,22.0
1492427283,21.0
1492427343,21.5
1492427402,21.5
1492427463,22.5
1492427523,22.5
1492427583,23.0
1492427642,23.0
1492427702,23.5
1492427763,23.0
1492427823,22.0
1492427883,21.5
1492427942,21.5
1492428002,22.0
1492428063,22.0
1492428123,22.5
1492428183,23.0
1492428242,23.5
1492428302,23.5
1492428362,23.0
1492428423,22.0
1492428482,21.5
1492428542,21.5
1492428603,22.0
1492428663,22.5
1492428722,22.5
1492428782,23.0
1492428843,23.5
1492428903,23.5
1492428962,23.0
1492429022,22.0
1492429083,21.5
1492429143,21.5
1492429203,21.5
1492429262,22.0
1492429322,22.5
1492429383,23.0
1492429443,23.5
1492429503,23.5
1492429562,23.0
1492429622,22.0
1492429683,21.0
1492429743,21.5
1492429802,21.5
1492429863,22.0
1492429923,22.5
1492429982,23.0
1492430042,23.5
1492430103,23.5
1492430162,23.0
1492430222,22.0
1492430283,21.5
1492430343,21.0
1492430403,21.5
1492430463,22.0
1492430522,22.5
1492430582,23.0
1492430642,23.0
1492430702,23.5
1492430763,23.0
1492430823,22.0
1492430882,21.5
1492430943,21.5
1492431003,22.0
1492431063,22.0
1492431122,22.5
1492431182,23.0
1492431242,23.5
1492431303,23.5
1492431362,23.5
1492431422,23.5
1492431482,22.5
1492431542,21.5
1492431603,21.0
1492431663,21.5
1492431723,22.0
1492431783,22.5
1492431842,23.0
1492431902,23.0
1492431962,23.5
1492432023,23.0
1492432083,22.0
1492432143,21.5
1492432202,21.5
1492432262,22.0
1492432323,22.5
1492432382,22.5
1492432442,23.0
1492432502,23.5
1492432563,23.5
1492432623,23.0
1492432682,22.0
1492432742,21.5
1492432803,21.5
1492432863,22.0
1492432923,22.0
1492432982,22.5
1492433042,23.0
1492433103,23.5
1492433163,23.5
1492433222,23.0
1492433282,22.0
1492433342,21.5
1492433403,21.5
1492433462,21.5
1492433522,22.0
1492433583,22.5
1492433643,23.0
1492433703,23.0
1492433762,23.5
1492433822,23.0
1492433882,22.0
1492433943,21.5
1492434003,21.5
1492434063,22.0
1492434122,22.5
1492434182,22.5
1492434243,23.0
1492434302,23.5
1492434362,23.5
1492434423,23.0
1492434482,22.0
1492434542,21.5
1492434603,21.5
1492434663,22.0
1492434722,22.0
1492434782,22.5
1492434842,23.0
1492434902,23.5
1492434963,23.5
1492435022,23.0
1492435083,22.0
1492435142,21.5
1492435202,21.5
1492435262,22.0
1492435323,22.5
1492435383,22.5
1492435442,23.0
1492435502,23.5
1492435563,23.5
1492435623,23.0
1492435683,22.0
1492435742,21.5
1492435803,21.5
1492435862,21.5
1492435923,22.0
1492435982,22.5
1492436042,23.0
1492436102,23.0
1492436162,23.5
1492436223,23.0
1492436283,22.0
1492436343,21.5
1492436402,21.0
1492436462,21.5
1492436523,22.0
1492436583,22.5
1492436642,23.0
1492436702,23.0
1492436762,23.5
1492436823,23.5
1492436883,23.5
1492436943,22.5
1492437002,22.0
1492437062,21.5
1492437123,21.5
1492437182,22.0
1492437242,22.5
1492437303,23.0
1492437362,23.0
1492437423,23.5
1492437483,23.0
1492437542,22.0
1492437602,21.5
1492437663,21.5
1492437723,21.5
1492437783,22.0
1492437842,22.5
1492437903,23.0
1492437963,23.5
1492438022,23.5
1492438082,23.0
1492438143,22.0
1492438202,21.5
1492438262,21.5
1492438323,22.0
1492438382,22.0
1492438442,22.5
1492438503,23.0
1492438562,23.5
1492438622,23.5
1492438683,23.5
1492438743,22.5
1492438803,21.5
1492438862,21.0
1492438922,21.5
1492438983,22.0
1492439043,22.5
1492439102,23.0
1492439162,23.5
1492439223,23.5
1492439282,23.5
1492439343,22.5
1492439402,21.5
1492439462,21.5
1492439522,21.5
1492439583,22.0
1492439642,22.5
1492439702,23.0
1492439763,23.5
1492439822,23.5
1492439882,23.0
1492439942,22.5
1492440002,21.5
1492440063,21.0
1492440122,21.5
1492440182,22.0
