"","x"
"1",22
"2",22.5
"3",21.5
"4",21.5
"5",22
"6",22.5
"7",23
"8",23
"9",23.5
"10",23
"11",22
"12",21.5
"13",21.5
"14",22
"15",22.5
"16",23
"17",23
"18",23.5
"19",23
"20",22.5
"21",21.5
"22",21
"23",21.5
"24",22
"25",22.5
"26",23
"27",23
"28",23.5
"29",23
"30",22
"31",21.5
"32",21.5
"33",21.5
"34",22
"35",22.5
"36",23
"37",23.5
"38",23
"39",22.5
"40",21.5
"41",21.5
"42",21.5
"43",22
"44",22.5
"45",23
"46",23.5
"47",23
"48",22
"49",21.5
"50",21
"51",21.5
"52",22
"53",22.4142804698972
"54",22.4142804698972
"55",23.5
"56",23
"57",22
"58",21.5
"59",21
"60",21.5
"61",22
"62",22.5
"63",23
"64",23.5
"65",23
"66",22.4142804698972
"67",21.5
"68",21.5
"69",21.5
"70",22
"71",22.5
"72",23
"73",23.5
"74",23
"75",22
"76",22.4142804698972
"77",22.4142804698972
"78",23.5
"79",23
"80",22.5
"81",21.5
"82",21.5
"83",22
"84",22.5
"85",22.5
"86",23
"87",23.5
"88",23
"89",22.5
"90",21.5
"91",21
"92",21.5
"93",22
"94",22.5
"95",23
"96",23.5
"97",23
"98",22.5
"99",21.5
"100",21.5
"101",21.5
"102",22
"103",22.5
"104",23
"105",23.5
"106",23.5
"107",22.5
"108",21.5
"109",21.5
"110",21.5
"111",22
"112",22.5
"113",23
"114",23.5
"115",23
"116",22
"117",21.5
"118",21.5
"119",21.5
"120",22
"121",22.5
"122",23
"123",23
"124",23
"125",22.5
"126",21.5
"127",21.5
"128",22
"129",22
"130",22.5
"131",23
"132",23.5
"133",23.5
"134",22.5
"135",21.5
"136",21.5
"137",21.5
"138",22
"139",22.5
"140",23
"141",23.5
"142",23.5
"143",23.5
"144",23
"145",22
"146",21.5
"147",21.5
"148",22
"149",22.5
"150",23
"151",23
"152",23.5
"153",24
"154",24
"155",23
"156",22.5
"157",21.5
"158",21.5
"159",22
"160",22.5
"161",23
"162",23
"163",23.5
"164",23.5
"165",22.5
"166",21.5
"167",21
"168",21.5
"169",22
"170",22.5
"171",23
"172",23
"173",23
"174",22.5
"175",21.5
"176",21.5
"177",21.5
"178",22
"179",22.5
"180",23
"181",23.5
"182",23.5
"183",22.5
"184",21.5
"185",21.5
"186",21.5
"187",22
"188",22.5
"189",23
"190",23.5
"191",23
"192",22.5
"193",21.5
"194",21.5
"195",22
"196",22.5
"197",22.5
"198",23
"199",23.5
"200",23.5
"201",22.5
"202",21.5
"203",21
"204",21.5
"205",22
"206",22.5
"207",23
"208",23.5
"209",23.5
"210",23.5
"211",23
"212",22
"213",21.5
"214",21.5
"215",21.5
"216",22
"217",22.5
"218",23
"219",23.5
"220",23.5
"221",22.5
"222",21.5
"223",21.5
"224",21.5
"225",22
"226",22.5
"227",23
"228",23.5
"229",23.5
"230",24
"231",23
"232",22
"233",21.5
"234",21.5
"235",22
"236",22.5
"237",23
"238",23
"239",23.5
"240",23.5
"241",22.5
"242",22
"243",21.5
"244",21.5
"245",22
"246",22.5
"247",23
"248",23.5
"249",23.5
"250",22.5
"251",21.5
"252",21
"253",21.5
"254",22
"255",22.5
"256",23
"257",23.5
"258",23.5
"259",23.5
"260",22.5
"261",22
"262",21.5
"263",21.5
"264",22
"265",22.5
"266",23
"267",23.5
"268",23.5
"269",23.5
"270",23
"271",22
"272",21.5
"273",21.5
"274",22
"275",22
"276",22.5
"277",23
"278",23.5
"279",23.5
"280",22.5
"281",21.5
"282",21.5
"283",21.5
"284",22
"285",22.5
"286",23
"287",23.5
"288",23.5
"289",22.5
"290",21.5
"291",21
"292",21.5
"293",22
"294",22.5
"295",23
"296",23.5
"297",23.5
"298",22.5
"299",21.5
"300",21.5
"301",21.5
"302",22
"303",22.5
"304",23
"305",23.5
"306",23.5
"307",22.5
"308",21.5
"309",21.5
"310",21.5
"311",22
"312",22.5
"313",23
"314",23.5
"315",23.5
"316",22.5
"317",21.5
"318",21.5
"319",21.5
"320",22
"321",22.5
"322",23
"323",23.5
"324",23.5
"325",22.5
"326",22
"327",21.5
"328",21.5
"329",22
"330",22.5
"331",23
"332",23.5
"333",23.5
"334",22.5
"335",21.5
"336",21
"337",21.5
"338",22
"339",22.5
"340",23
"341",23
"342",23.5
"343",23.5
"344",22.5
"345",21.5
"346",21
"347",21.5
"348",22
"349",22.5
"350",23
"351",23
"352",23.5
"353",23.5
"354",22.5
"355",22
"356",21.5
"357",21.5
"358",22
"359",22.5
"360",23
"361",23.5
"362",23.5
"363",22.5
"364",21.5
"365",21.5
"366",21.5
"367",22
"368",22.5
"369",23
"370",23.5
"371",23.5
"372",22.5
"373",21.5
"374",21
"375",21.5
"376",22
"377",22.5
"378",23
"379",23
"380",23.5
"381",22.5
"382",21.5
"383",21
"384",21.5
"385",22
"386",22.5
"387",23
"388",23.5
"389",23.5
"390",22.5
"391",21.5
"392",21
"393",21.5
"394",22
"395",22.5
"396",23
"397",23
"398",23.5
"399",23.5
"400",22.5
"401",22
"402",21.5
"403",21.5
"404",22
"405",22.5
"406",23
"407",23.5
"408",23.5
"409",22.5
"410",22
"411",21.5
"412",22
"413",22.5
"414",22.5
"415",23
"416",23.5
"417",23.5
"418",22.5
"419",22
"420",21.5
"421",21.5
"422",22
"423",22.5
"424",23
"425",23.5
"426",23.5
"427",22.5
"428",21.5
"429",21.5
"430",21.5
"431",22
"432",22.5
"433",23
"434",23.5
"435",23.5
"436",22.5
"437",22
"438",21.5
"439",21.5
"440",22
"441",22.5
"442",23
"443",23
"444",23.5
"445",22.5
"446",21.5
"447",21.5
"448",21.5
"449",22
"450",22.5
"451",23
"452",23.5
"453",23.5
"454",22.5
"455",22
"456",21
"457",21.5
"458",22
"459",22.5
"460",23
"461",23
"462",23.5
"463",22.5
"464",21.5
"465",21
"466",21.5
"467",22
"468",22.5
"469",23
"470",23
"471",23.5
"472",22.5
"473",21.5
"474",21
"475",21
"476",21.5
"477",22
"478",22.5
"479",23
"480",23.5
"481",23.5
"482",22.5
"483",21.5
"484",21
"485",21.5
"486",22
"487",22.5
"488",23
"489",23.5
"490",23.5
"491",22.5
"492",21.5
"493",21
"494",21.5
"495",22
"496",22.5
"497",23
"498",23
"499",23.5
"500",22.5
"501",21.5
"502",21
"503",21.5
"504",22
"505",22.5
"506",22.5
"507",23
"508",23.5
"509",23.5
"510",23
"511",22
"512",21.5
"513",21.5
"514",22
"515",22.5
"516",23
"517",23
"518",23.5
"519",22.5
"520",22
"521",21
"522",21.5
"523",22
"524",22.5
"525",22.5
"526",23
"527",23.5
"528",23.5
"529",23
"530",22
"531",21
"532",21
"533",21.5
"534",22
"535",22.5
"536",23
"537",23.5
"538",23.5
"539",23
"540",22
"541",21.5
"542",21.5
"543",22
"544",22.5
"545",23
"546",23
"547",23.5
"548",22.5
"549",22
"550",21
"551",21.5
"552",22
"553",22.5
"554",22.5
"555",23
"556",23.5
"557",23.5
"558",23
"559",22
"560",21
"561",21.5
"562",22
"563",22.5
"564",22.5
"565",23
"566",23.5
"567",23.5
"568",23
"569",22
"570",21.5
"571",21.5
"572",22
"573",22.5
"574",23
"575",23
"576",23.5
"577",22.5
"578",22
"579",21.5
"580",21.5
"581",22
"582",22.5
"583",23
"584",23
"585",23.5
"586",22.5
"587",22
"588",21
"589",21.5
"590",22
"591",22.5
"592",23
"593",23
"594",23.5
"595",22.5
"596",22
"597",21.5
"598",21.5
"599",22
"600",22.5
"601",23
"602",23
"603",23.5
"604",22.5
"605",22
"606",21.5
"607",21.5
"608",22
"609",22.5
"610",23
"611",23
"612",23.5
"613",22.5
"614",22
"615",21.5
"616",21.5
"617",22
"618",22.5
"619",23
"620",23
"621",23.5
"622",23
"623",22
"624",21.5
"625",21.5
"626",22
"627",22.5
"628",23
"629",23
"630",23.5
"631",22.5
"632",22
"633",21.5
"634",21.5
"635",22
"636",22.5
"637",23
"638",23
"639",23.5
"640",23
"641",22
"642",21
"643",21
"644",21.5
"645",22
"646",22.5
"647",23
"648",23.5
"649",23.5
"650",23
"651",22
"652",21.5
"653",21.5
"654",22
"655",22.5
"656",23
"657",23
"658",23.5
"659",23
"660",22
"661",21.5
"662",21.5
"663",22
"664",22.5
"665",22.5
"666",23
"667",23.5
"668",23.5
"669",23
"670",22
"671",21.5
"672",21.5
"673",22
"674",22.5
"675",23
"676",23
"677",23.5
"678",23
"679",22
"680",21
"681",21.5
"682",22
"683",22.5
"684",22.5
"685",23
"686",23.5
"687",23.5
"688",23
"689",22
"690",21.5
"691",21.5
"692",22
"693",22.5
"694",23
"695",23
"696",23.5
"697",23
"698",22
"699",21.5
"700",21.5
"701",22
"702",22.5
"703",23
"704",23
"705",23.5
"706",23
"707",22
"708",21.5
"709",21.5
"710",22
"711",22.5
"712",22.5
"713",23
"714",23.5
"715",23.5
"716",23
"717",22
"718",21.5
"719",21.5
"720",22
"721",22.5
"722",22.5
"723",23
"724",23.5
"725",23.5
"726",23
"727",22
"728",21.5
"729",21.5
"730",22
"731",22.5
"732",23
"733",23
"734",23.5
"735",23
"736",22
"737",21
"738",21.5
"739",22
"740",22.5
"741",22.5
"742",23
"743",23.5
"744",22.5
"745",22
"746",21.5
"747",21.5
"748",22
"749",22.5
"750",23
"751",23
"752",23.5
"753",23
"754",22
"755",21.5
"756",21.5
"757",22
"758",22.5
"759",23
"760",23
"761",23.5
"762",23.5
"763",23
"764",22
"765",21.5
"766",21.5
"767",21.5
"768",22
"769",22.5
"770",23
"771",23.5
"772",23.5
"773",23
"774",22
"775",21.5
"776",21.5
"777",22
"778",22.5
"779",23
"780",23
"781",23.5
"782",23.5
"783",23
"784",22
"785",21.5
"786",21.5
"787",22
"788",22.5
"789",22.5
"790",23
"791",23.5
"792",23.5
"793",23
"794",22
"795",21.5
"796",21.5
"797",22
"798",22.5
"799",23
"800",23
"801",23.5
"802",23
"803",22
"804",21
"805",22.4142804698972
"806",22.4142804698972
"807",22.5
"808",23
"809",23
"810",23.5
"811",23
"812",22
"813",22.4142804698972
"814",22.5
"815",23
"816",23
"817",23.5
"818",23
"819",22
"820",21
"821",21.5
"822",22
"823",22.5
"824",22.5
"825",23
"826",23.5
"827",23.5
"828",23
"829",22
"830",21
"831",21.5
"832",22
"833",22
"834",22.5
"835",23
"836",23.5
"837",23
"838",22
"839",21
"840",21.5
"841",21.5
"842",22
"843",22.5
"844",23
"845",23.5
"846",23.5
"847",23
"848",22
"849",21.5
"850",21.5
"851",22
"852",22.4142804698972
"853",22.4142804698972
"854",23
"855",23.5
"856",23.5
"857",23.5
"858",22.5
"859",21.5
"860",21
"861",21.5
"862",22
"863",22.5
"864",23
"865",23
"866",23.5
"867",23.5
"868",23.5
"869",22.5
"870",22
"871",21.5
"872",21.5
"873",22
"874",22.5
"875",23
"876",23
"877",23.5
"878",23
"879",22
"880",21.5
"881",21.5
"882",22
"883",22.5
"884",22.5
"885",23
"886",23.5
"887",23
"888",22
"889",21
"890",21.5
"891",22
"892",22
"893",22.5
"894",23
"895",23.5
"896",23.5
"897",23
"898",22
"899",21.5
"900",21.5
"901",21.5
"902",22
"903",22.5
"904",23
"905",23.5
"906",23.5
"907",23
"908",22.4142804698972
"909",22.4142804698972
"910",22.5
"911",23
"912",23.5
"913",23.5
"914",23
"915",22
"916",21.5
"917",21.5
"918",21.5
"919",22
"920",22.4142804698972
"921",23
"922",23.5
"923",23.5
"924",23
"925",22.5
"926",21.5
"927",21.5
"928",22
"929",22.5
"930",22.5
"931",22.4142804698972
"932",22.4142804698972
"933",22
"934",21
"935",21.5
"936",22
"937",22
"938",22.5
"939",23
"940",23.5
"941",23.5
"942",23
"943",22
"944",21.5
"945",21.5
"946",22
"947",22.5
"948",23
"949",23
"950",23.5
"951",23
"952",22
"953",21
"954",21
"955",21.5
"956",22
"957",22.5
"958",23
"959",23
"960",23.5
"961",23.5
"962",23.5
"963",23
"964",22
"965",21.5
"966",21.5
"967",22
"968",22.5
"969",23
"970",23
"971",23.5
"972",23
"973",22
"974",21.5
"975",21.5
"976",22
"977",22.5
"978",22.5
"979",23
"980",23.5
"981",23.5
"982",23
"983",22.5
"984",21.5
"985",21.5
"986",22
"987",22
"988",22.5
"989",23
"990",23.5
"991",23
"992",22
"993",21.5
"994",21.5
"995",21.5
"996",22
"997",22.5
"998",23
"999",23.5
"1000",23.5
"1001",23
"1002",22
"1003",21.5
"1004",21.5
"1005",22
"1006",22.5
"1007",22.5
"1008",23
"1009",23.5
"1010",23
"1011",22
"1012",21.5
"1013",21.5
"1014",22
"1015",22.5
"1016",22.5
"1017",23
"1018",23.5
"1019",23
"1020",22
"1021",21.5
"1022",21.5
"1023",22
"1024",22.5
"1025",22.5
"1026",23
"1027",23.5
"1028",23.5
"1029",23
"1030",22.5
"1031",21.5
"1032",21
"1033",21.5
"1034",22
"1035",22.5
"1036",23
"1037",23.5
"1038",23.5
"1039",23
"1040",22.5
"1041",21.5
"1042",21.5
"1043",21.5
"1044",22
"1045",22.5
"1046",23
"1047",23.5
"1048",23.5
"1049",23
"1050",22
"1051",21.5
"1052",21
"1053",21.5
"1054",22
"1055",22.5
"1056",23
"1057",23
"1058",23.5
"1059",23
"1060",22.5
"1061",21.5
"1062",21
"1063",21.5
"1064",22
"1065",22.5
"1066",23
"1067",23
"1068",23.5
"1069",23
"1070",22
"1071",21.5
"1072",21.5
"1073",22
"1074",22.5
"1075",22.5
"1076",23
"1077",23.5
"1078",23.5
"1079",23.5
"1080",22.5
"1081",21.5
"1082",21.5
"1083",21.5
"1084",22
"1085",22.5
"1086",23
"1087",23.5
"1088",23.5
"1089",23.5
"1090",22.5
"1091",21.5
"1092",21.5
"1093",21.5
"1094",22
"1095",22.5
"1096",23
"1097",23.5
"1098",23.5
"1099",23.5
"1100",22.5
"1101",21.5
"1102",21.5
"1103",22
"1104",22.5
"1105",23
"1106",23
"1107",23.5
"1108",23
"1109",22
"1110",21.5
"1111",21.5
"1112",22
"1113",22
"1114",22.5
"1115",23
"1116",23.5
"1117",23
"1118",22.5
"1119",21.5
"1120",21.5
"1121",22
"1122",22.5
"1123",22.5
"1124",23
"1125",23.5
"1126",23
"1127",22
"1128",21.5
"1129",21.5
"1130",21.5
"1131",22
"1132",22.5
"1133",23
"1134",23.5
"1135",23.5
"1136",23.5
"1137",22.5
"1138",21.5
"1139",21.5
"1140",21.5
"1141",22.4142804698972
"1142",22.4142804698972
"1143",23
"1144",23.5
"1145",23.5
"1146",22.4142804698972
"1147",21.5
"1148",21.5
"1149",22
"1150",22.5
"1151",23
"1152",23
"1153",23.5
"1154",23.5
"1155",22.5
"1156",21.5
"1157",21
"1158",21.5
"1159",22
"1160",22.5
"1161",23
"1162",23
"1163",23.5
"1164",23.5
"1165",22
"1166",21.5
"1167",21.5
"1168",21.5
"1169",22
"1170",22.5
"1171",23
"1172",23.5
"1173",23.5
"1174",23.5
"1175",22.5
"1176",21.5
"1177",22.4142804698972
"1178",22.4142804698972
"1179",22
"1180",22.5
"1181",23
"1182",23
"1183",23.5
"1184",23.5
"1185",22.4142804698972
"1186",22.4142804698972
"1187",22.4142804698972
"1188",22.4142804698972
"1189",23.5
"1190",23.5
"1191",23.5
"1192",22.5
"1193",21.5
"1194",21.5
"1195",21.5
"1196",22
"1197",22.5
"1198",23
"1199",23.5
"1200",23.5
"1201",23.5
"1202",22.5
"1203",21.5
"1204",21
"1205",21.5
"1206",22
"1207",22.5
"1208",23
"1209",23
"1210",23.5
"1211",23.5
"1212",22.5
"1213",21.5
"1214",21.5
"1215",21.5
"1216",22
"1217",22.5
"1218",23
"1219",23.5
"1220",23.5
"1221",23.5
"1222",22.5
"1223",21.5
"1224",21
"1225",21.5
"1226",22
"1227",22.5
"1228",23
"1229",23.5
"1230",23.5
"1231",23.5
"1232",22.5
"1233",21.5
"1234",21
"1235",21.5
"1236",22
"1237",22.5
"1238",23
"1239",23
"1240",23.5
"1241",23.5
"1242",22.5
"1243",21.5
"1244",21.5
"1245",21.5
"1246",22
"1247",22.5
"1248",23
"1249",23.5
"1250",23.5
"1251",23.5
"1252",22.5
"1253",22
"1254",21
"1255",21.5
"1256",22
"1257",22.5
"1258",23
"1259",23
"1260",23.5
"1261",23.5
"1262",22.5
"1263",21.5
"1264",21
"1265",21.5
"1266",22
"1267",22.5
"1268",23
"1269",23
"1270",23.5
"1271",23.5
"1272",22.5
"1273",21.5
"1274",21.5
"1275",21.5
"1276",22
"1277",22.5
"1278",23
"1279",23
"1280",23.5
"1281",23.5
"1282",22.5
"1283",21.5
"1284",21
"1285",21.5
"1286",22
"1287",22.5
"1288",23
"1289",23
"1290",22.4142804698972
"1291",23.5
"1292",22.5
"1293",21.5
"1294",21
"1295",22.4142804698972
"1296",22
"1297",22.5
"1298",23
"1299",23
"1300",23.5
"1301",23.5
"1302",22.5
"1303",21.5
"1304",21
"1305",21.5
"1306",22
"1307",22.5
"1308",23
"1309",23
"1310",23.5
"1311",23.5
"1312",22.5
"1313",21.5
"1314",21.5
"1315",21.5
"1316",22
"1317",22.5
"1318",23
"1319",23.5
"1320",23.5
"1321",23.5
"1322",22.5
"1323",21.5
"1324",21.5
"1325",21.5
"1326",22
"1327",22.5
"1328",23
"1329",23.5
"1330",23
"1331",22.5
"1332",21.5
"1333",21.5
"1334",21.5
"1335",22
"1336",22.5
"1337",23
"1338",23
"1339",23.5
"1340",23.5
"1341",22.5
"1342",21.5
"1343",21.5
"1344",21.5
"1345",22
"1346",22.5
"1347",23
"1348",23.5
"1349",23.5
"1350",22.5
"1351",22.4142804698972
"1352",21.5
"1353",22
"1354",22
"1355",22.5
"1356",23
"1357",23.5
"1358",23.5
"1359",22.5
"1360",21.5
"1361",21.5
"1362",21.5
"1363",22
"1364",22.5
"1365",23
"1366",23
"1367",23.5
"1368",23.5
"1369",22.5
"1370",21.5
"1371",21
"1372",21.5
"1373",22
"1374",22.5
"1375",23
"1376",23.5
"1377",23.5
"1378",22.5
"1379",21.5
"1380",21.5
"1381",21.5
"1382",22
"1383",22.5
"1384",23
"1385",23.5
"1386",23.5
"1387",22.5
"1388",21.5
"1389",21
"1390",21.5
"1391",22
"1392",22.5
"1393",23
"1394",23
"1395",23
"1396",22.5
"1397",21.5
"1398",21.5
"1399",21.5
"1400",22
"1401",22.5
"1402",23
"1403",23.5
"1404",23.5
"1405",22.5
"1406",21.5
"1407",21.5
"1408",21.5
"1409",22
"1410",22.5
"1411",23
"1412",23.5
"1413",23.5
"1414",22.5
"1415",21.5
"1416",21.5
"1417",21.5
"1418",22
"1419",22.5
"1420",23
"1421",23.5
"1422",23.5
"1423",22.5
"1424",21.5
"1425",21
"1426",21.5
"1427",22
"1428",22.5
"1429",23
"1430",23.5
"1431",23.5
"1432",22.5
"1433",21.5
"1434",21.5
"1435",21.5
"1436",22
"1437",22.5
"1438",23
"1439",23.5
"1440",23.5
"1441",22.5
"1442",21.5
"1443",21.5
"1444",21.5
"1445",22
"1446",22.5
"1447",23
"1448",23.5
"1449",23.5
"1450",22.5
"1451",21.5
"1452",21.5
"1453",21.5
"1454",22
"1455",22.5
"1456",23
"1457",23.5
"1458",23.5
"1459",22.5
"1460",21.5
"1461",21.5
"1462",21.5
"1463",22
"1464",22.5
"1465",23
"1466",23
"1467",23.5
"1468",22.5
"1469",21.5
"1470",22.4142804698972
"1471",22.4142804698972
"1472",22.5
"1473",21.5
"1474",22.4142804698972
"1475",22.4142804698972
"1476",23.5
"1477",22.4142804698972
"1478",21.5
"1479",21
"1480",22.4142804698972
"1481",22.4142804698972
"1482",23.5
"1483",22.5
"1484",22
"1485",21
"1486",21.5
"1487",22
"1488",22.5
"1489",23
"1490",23
"1491",23.5
"1492",22.5
"1493",21.5
"1494",21
"1495",21.5
"1496",22.4142804698972
"1497",23
"1498",23.5
"1499",23.5
"1500",24
"1501",23.5
"1502",22.5
"1503",21.5
"1504",22.4142804698972
"1505",22.4142804698972
"1506",23
"1507",23.5
"1508",23.5
"1509",22.5
"1510",22
"1511",21
"1512",21.5
"1513",22
"1514",22.5
"1515",23
"1516",23
"1517",23.5
"1518",22.5
"1519",22
"1520",21.5
"1521",21.5
"1522",22
"1523",22.5
"1524",23
"1525",23.5
"1526",23.5
"1527",22.5
"1528",22
"1529",21
"1530",21.5
"1531",22
"1532",22.4142804698972
"1533",22.4142804698972
"1534",21.5
"1535",21.5
"1536",21.5
"1537",22
"1538",22.5
"1539",23
"1540",23
"1541",23.5
"1542",22.5
"1543",21.5
"1544",21
"1545",21.5
"1546",22
"1547",22.5
"1548",23
"1549",23.5
"1550",23.5
"1551",22.5
"1552",22
"1553",21.5
"1554",21.5
"1555",22
"1556",22.5
"1557",23
"1558",23.5
"1559",23.5
"1560",22.5
"1561",21.5
"1562",21.5
"1563",21.5
"1564",22
"1565",22.5
"1566",23
"1567",23.5
"1568",23.5
"1569",24
"1570",23.5
"1571",22.5
"1572",21.5
"1573",21.5
"1574",21.5
"1575",22
"1576",22.5
"1577",23
"1578",23.5
"1579",23.5
"1580",23
"1581",22
"1582",21
"1583",21.5
"1584",22
"1585",22.5
"1586",23
"1587",23
"1588",23.5
"1589",22.5
"1590",22
"1591",21
"1592",21.5
"1593",22
"1594",22.5
"1595",23
"1596",23
"1597",23.5
"1598",22.5
"1599",22
"1600",21
"1601",21.5
"1602",22
"1603",22.5
"1604",23
"1605",23
"1606",23.5
"1607",22.5
"1608",21.5
"1609",21.5
"1610",21.5
"1611",22
"1612",22.5
"1613",23
"1614",23.5
"1615",23.5
"1616",22.5
"1617",22
"1618",21
"1619",21
"1620",21.5
"1621",22
"1622",22
"1623",23
"1624",23.5
"1625",23.5
"1626",23
"1627",22
"1628",21.5
"1629",21.5
"1630",21.5
"1631",22
"1632",22.5
"1633",23
"1634",23.5
"1635",23.5
"1636",23
"1637",22
"1638",21
"1639",21
"1640",21.5
"1641",22
"1642",22.5
"1643",23
"1644",23.5
"1645",23.5
"1646",23
"1647",22
"1648",21.5
"1649",21.5
"1650",22
"1651",22.5
"1652",23
"1653",23
"1654",23.5
"1655",23
"1656",22
"1657",22.4142804698972
"1658",22.4142804698972
"1659",22
"1660",22.5
"1661",23
"1662",23.5
"1663",23.5
"1664",22.5
"1665",22
"1666",21.5
"1667",21.5
"1668",22
"1669",22.5
"1670",23
"1671",23
"1672",23.5
"1673",23
"1674",22
"1675",21.5
"1676",21.5
"1677",22
"1678",22.5
"1679",23
"1680",23
"1681",23.5
"1682",23
"1683",22
"1684",21.5
"1685",21.5
"1686",22
"1687",22.5
"1688",23
"1689",23
"1690",23.5
"1691",23
"1692",22
"1693",21.5
"1694",21.5
"1695",22
"1696",22.5
"1697",23
"1698",23.5
"1699",23.5
"1700",23
"1701",22
"1702",21
"1703",21.5
"1704",22
"1705",22
"1706",22.4142804698972
"1707",22.4142804698972
"1708",23.5
"1709",23
"1710",22
"1711",21.5
"1712",21.5
"1713",22
"1714",22.5
"1715",22.5
"1716",23
"1717",23.5
"1718",23.5
"1719",23
"1720",22
"1721",21.5
"1722",21.5
"1723",22
"1724",22.5
"1725",22.5
"1726",23
"1727",23.5
"1728",23
"1729",22
"1730",21.5
"1731",21.5
"1732",22
"1733",22.5
"1734",22.5
"1735",23
"1736",23.5
"1737",22.5
"1738",21.5
"1739",21
"1740",21
"1741",21.5
"1742",22
"1743",22.5
"1744",23
"1745",23.5
"1746",23.5
"1747",23
"1748",22
"1749",21.5
"1750",21.5
"1751",22
"1752",22.5
"1753",23
"1754",23
"1755",23.5
"1756",23
"1757",22
"1758",21.5
"1759",21.5
"1760",22
"1761",22.5
"1762",23
"1763",23
"1764",23.5
"1765",23
"1766",22
"1767",21.5
"1768",21.5
"1769",22
"1770",22.5
"1771",22.5
"1772",23
"1773",23.5
"1774",23
"1775",22
"1776",21.5
"1777",21.5
"1778",22
"1779",22.5
"1780",23
"1781",23
"1782",23.5
"1783",23
"1784",22
"1785",21.5
"1786",21.5
"1787",22
"1788",22.5
"1789",23
"1790",23
"1791",23.5
"1792",23
"1793",22
"1794",21.5
"1795",21.5
"1796",22
"1797",22.5
"1798",23
"1799",23
"1800",23.5
"1801",22.5
"1802",22
"1803",21
"1804",21
"1805",21.5
"1806",22
"1807",22.5
"1808",23
"1809",23.5
"1810",23.5
"1811",23
"1812",22
"1813",21.5
"1814",21.5
"1815",21.5
"1816",22.5
"1817",22.5
"1818",23
"1819",23.5
"1820",23.5
"1821",23.5
"1822",22.5
"1823",21.5
"1824",21.5
"1825",21.5
"1826",22
"1827",22.5
"1828",23
"1829",23.5
"1830",23.5
"1831",23
"1832",22
"1833",21.5
"1834",21.5
"1835",22
"1836",22.5
"1837",22.5
"1838",23
"1839",23.5
"1840",23
"1841",22
"1842",21.5
"1843",21.5
"1844",22
"1845",22.5
"1846",23
"1847",23
"1848",23.5
"1849",23
"1850",22
"1851",21
"1852",21.5
"1853",22
"1854",22.5
"1855",22.5
"1856",23
"1857",23.5
"1858",23.5
"1859",23
"1860",22
"1861",21.5
"1862",21.5
"1863",22
"1864",22.5
"1865",23
"1866",23
"1867",23.5
"1868",23
"1869",22
"1870",21
"1871",21.5
"1872",22
"1873",22.5
"1874",23
"1875",23
"1876",23.5
"1877",23
"1878",22
"1879",21
"1880",21
"1881",21.5
"1882",22
"1883",22.5
"1884",23
"1885",23.5
"1886",23.5
"1887",23
"1888",22
"1889",21
"1890",21.5
"1891",21.5
"1892",22.5
"1893",22.5
"1894",23
"1895",23.5
"1896",23
"1897",22
"1898",21.5
"1899",21.5
"1900",22
"1901",22
"1902",22.5
"1903",23
"1904",23.5
"1905",23
"1906",22
"1907",21.5
"1908",21.5
"1909",22
"1910",22.5
"1911",23
"1912",23
"1913",23.5
"1914",23
"1915",22
"1916",21.5
"1917",21.5
"1918",22
"1919",22
"1920",22.5
"1921",23
"1922",23.5
"1923",23.5
"1924",23
"1925",22
"1926",21.5
"1927",21.5
"1928",22
"1929",22.5
"1930",22.5
"1931",23
"1932",23.5
"1933",23
"1934",22
"1935",21.5
"1936",21.5
"1937",21.5
"1938",22
"1939",22.5
"1940",23
"1941",23.5
"1942",23.5
"1943",23
"1944",22
"1945",21.5
"1946",21
"1947",21.5
"1948",22
"1949",22.5
"1950",23
"1951",23.5
"1952",23.5
"1953",23
"1954",22
"1955",21.5
"1956",21
"1957",21.5
"1958",22
"1959",22.5
"1960",23
"1961",23
"1962",23.5
"1963",23
"1964",22
"1965",21.5
"1966",21.5
"1967",22
"1968",22
"1969",22.5
"1970",23
"1971",23.5
"1972",23.5
"1973",23.5
"1974",22.5
"1975",21.5
"1976",21.5
"1977",21.5
"1978",22
"1979",22.5
"1980",23
"1981",23.5
"1982",23.5
"1983",23
"1984",22.5
"1985",21.5
"1986",21.5
"1987",22
"1988",22.5
"1989",22.5
"1990",23
"1991",23.5
"1992",23.5
"1993",23.5
"1994",22.5
"1995",22
"1996",21.5
"1997",21.5
"1998",22
"1999",22.5
"2000",23
"2001",23.5
"2002",23.5
"2003",23
"2004",22
"2005",21.5
"2006",21
"2007",21.5
"2008",22
"2009",22.5
"2010",23
"2011",23.5
"2012",23.5
"2013",23
"2014",22.5
"2015",21.5
"2016",21
"2017",21.5
"2018",22
"2019",22.5
"2020",23
"2021",23.5
"2022",23.5
"2023",23
"2024",22.5
"2025",21.5
"2026",21
"2027",21.5
"2028",22
"2029",22.5
"2030",23
"2031",23.5
"2032",23.5
"2033",23
"2034",22.5
"2035",21.5
"2036",21
"2037",21.5
"2038",22
"2039",22.5
"2040",23
"2041",23.5
"2042",23.5
"2043",23
"2044",22
"2045",21.5
"2046",21.5
"2047",22
"2048",22.5
"2049",22.5
"2050",23
"2051",23.5
"2052",23
"2053",22
"2054",21.5
"2055",21.5
"2056",22
"2057",22
"2058",22.5
"2059",23
"2060",23.5
"2061",23
"2062",22
"2063",21.5
"2064",21.5
"2065",22
"2066",22.5
"2067",22.5
"2068",23
"2069",23.5
"2070",23
"2071",22
"2072",21.5
"2073",21.5
"2074",21.5
"2075",22
"2076",22.5
"2077",23
"2078",23.5
"2079",23.5
"2080",23
"2081",22
"2082",21.5
"2083",21
"2084",21.5
"2085",22
"2086",22.5
"2087",23
"2088",23
"2089",23.5
"2090",23
"2091",22
"2092",21.5
"2093",21.5
"2094",22
"2095",22
"2096",22.5
"2097",23
"2098",23.5
"2099",23
"2100",22
"2101",21.5
"2102",21
"2103",21.5
"2104",22
"2105",22.5
"2106",23
"2107",23
"2108",23.5
"2109",23
"2110",22
"2111",21.5
"2112",21.5
"2113",21.5
"2114",22
"2115",22.5
"2116",23
"2117",23.5
"2118",23.5
"2119",23
"2120",22.5
"2121",21.5
"2122",21
"2123",21.5
"2124",22
"2125",22.5
"2126",23
"2127",23
"2128",23.5
"2129",23
"2130",22
"2131",21.5
"2132",21
"2133",21.5
"2134",22
"2135",22.5
"2136",23
"2137",23
"2138",23.5
"2139",23
"2140",22
"2141",21.5
"2142",21
"2143",21.5
"2144",22
"2145",22.5
"2146",23
"2147",23
"2148",23.5
"2149",23
"2150",22
"2151",21.5
"2152",21
"2153",21.5
"2154",22
"2155",22.5
"2156",23
"2157",23.5
"2158",23.5
"2159",23
"2160",22.5
"2161",21.5
"2162",21.5
"2163",21.5
"2164",22
"2165",22.5
"2166",23
"2167",23.5
"2168",23.5
"2169",23
"2170",22.5
"2171",21.5
"2172",21
"2173",21.5
"2174",22
"2175",22.5
"2176",23
"2177",23
"2178",23.5
"2179",23
"2180",22.5
"2181",21.5
"2182",21.5
"2183",21.5
"2184",22
"2185",22.5
"2186",23
"2187",23.5
"2188",23.5
"2189",23.5
"2190",22.5
"2191",21.5
"2192",21
"2193",21.5
"2194",22
"2195",22.5
"2196",23
"2197",23
"2198",23.5
"2199",23
"2200",22.5
"2201",21.5
"2202",21.5
"2203",22
"2204",22.5
"2205",22.5
"2206",23
"2207",23.5
"2208",23
"2209",22
"2210",21.5
"2211",21.5
"2212",21.5
"2213",22
"2214",22.5
"2215",23
"2216",23
"2217",23.5
"2218",23
"2219",22.5
"2220",21.5
"2221",21.5
"2222",21.5
"2223",22
"2224",22.5
"2225",23
"2226",23.5
"2227",23
"2228",22
"2229",21.5
"2230",21.5
"2231",22
"2232",22
"2233",22.5
"2234",23
"2235",23.5
"2236",23
"2237",22
"2238",21.5
"2239",21
"2240",21.5
"2241",22
"2242",22.5
"2243",23
"2244",23.5
"2245",23.5
"2246",23.5
"2247",22
"2248",21.5
"2249",21.5
"2250",21.5
"2251",22
"2252",22.5
"2253",23
"2254",23
"2255",23.5
"2256",23.5
"2257",22.5
"2258",21.5
"2259",21
"2260",21.5
"2261",22
"2262",22.5
"2263",23
"2264",23
"2265",23.5
"2266",23.5
"2267",22.5
"2268",21.5
"2269",21.5
"2270",22
"2271",22.5
"2272",22.5
"2273",23
"2274",23.5
"2275",23
"2276",22
"2277",21.5
"2278",21.5
"2279",21.5
"2280",22
"2281",22.5
"2282",23
"2283",23.5
"2284",23.5
"2285",23.5
"2286",22.5
"2287",21.5
"2288",21
"2289",21.5
"2290",22
"2291",22.5
"2292",23
"2293",23
"2294",23.5
"2295",23.5
"2296",22.5
"2297",21.5
"2298",21
"2299",21.5
"2300",22
"2301",22.5
"2302",23
"2303",23
"2304",23.5
"2305",23.5
"2306",22.5
"2307",21.5
"2308",21
"2309",21.5
"2310",22
"2311",22.5
"2312",23
"2313",23
"2314",23.5
"2315",23
"2316",22.5
"2317",21.5
"2318",21.5
"2319",21.5
"2320",22
"2321",22.5
"2322",23
"2323",23.5
"2324",23.5
"2325",23.5
"2326",22.5
"2327",21.5
"2328",21
"2329",21.5
"2330",22
"2331",22.5
"2332",23
"2333",23
"2334",23.5
"2335",23.5
"2336",22.5
"2337",21.5
"2338",21
"2339",21.5
"2340",22
"2341",22.5
"2342",23
"2343",23
"2344",23.5
"2345",23.5
"2346",22.5
"2347",21.5
"2348",21.5
"2349",21.5
"2350",22
"2351",22.5
"2352",23
"2353",23
"2354",23.5
"2355",23.5
"2356",22.5
"2357",21.5
"2358",21
"2359",21.5
"2360",22
"2361",22.5
"2362",23
"2363",23
"2364",23.5
"2365",23.5
"2366",22.5
"2367",21.5
"2368",21
"2369",21.5
"2370",22
"2371",22.5
"2372",23
"2373",23
"2374",23.5
"2375",22.5
"2376",21.5
"2377",21.5
"2378",21.5
"2379",22
"2380",22.5
"2381",23
"2382",23
"2383",23.5
"2384",23.5
"2385",22.5
"2386",21.5
"2387",21
"2388",21.5
"2389",22
"2390",22.5
"2391",23
"2392",23
"2393",23.5
"2394",23.5
"2395",22.5
"2396",21.5
"2397",21.5
"2398",21.5
"2399",22
"2400",22.5
"2401",23
"2402",23.5
"2403",23.5
"2404",23.5
"2405",22.5
"2406",21.5
"2407",21.5
"2408",21.5
"2409",22
"2410",22.5
"2411",23
"2412",23
"2413",23.5
"2414",23.5
"2415",22.5
"2416",21.5
"2417",21.5
"2418",21.5
"2419",22
"2420",22.5
"2421",23
"2422",23
"2423",23.5
"2424",23.5
"2425",22.5
"2426",21.5
"2427",21.5
"2428",21.5
"2429",22
"2430",22.5
"2431",23
"2432",23
"2433",23.5
"2434",23.5
"2435",22.5
"2436",21.5
"2437",21
"2438",21.5
"2439",22
"2440",22.5
"2441",23
"2442",23
"2443",23.5
"2444",23.5
"2445",22.5
"2446",21.5
"2447",21.5
"2448",21.5
"2449",22
"2450",22.5
"2451",23
"2452",23
"2453",23.5
"2454",23.5
"2455",22.5
"2456",21.5
"2457",21.5
"2458",21.5
"2459",22
"2460",22.5
"2461",23
"2462",23
"2463",23.5
"2464",23.5
"2465",22.5
"2466",21.5
"2467",21.5
"2468",21.5
"2469",22
"2470",22.5
"2471",23
"2472",23
"2473",23.5
"2474",23.5
"2475",22.5
"2476",21.5
"2477",21
"2478",21.5
"2479",21.5
"2480",22
"2481",22.5
"2482",23
"2483",23
"2484",23
"2485",22.5
"2486",21.5
"2487",21.5
"2488",21.5
"2489",22
"2490",22.5
"2491",23
"2492",23
"2493",23.5
"2494",23.5
"2495",22.5
"2496",21.5
"2497",21
"2498",21.5
"2499",22
"2500",22.5
"2501",23
"2502",23
"2503",23.5
"2504",23.5
"2505",22.5
"2506",21.5
"2507",21.5
"2508",21.5
"2509",22
"2510",22.5
"2511",23
"2512",23
"2513",23
"2514",22.5
"2515",21.5
"2516",21
"2517",21.5
"2518",22
"2519",22.5
"2520",23
"2521",23
"2522",23.5
"2523",23.5
"2524",22.5
"2525",21.5
"2526",21
"2527",21.5
"2528",22
"2529",22.5
"2530",23
"2531",23
"2532",23.5
"2533",23.5
"2534",22.5
"2535",21.5
"2536",21
"2537",21.5
"2538",22
"2539",22.5
"2540",23
"2541",23
"2542",23.5
"2543",23.5
"2544",22.5
"2545",21.5
"2546",21
"2547",21.5
"2548",22
"2549",22.5
"2550",23
"2551",23
"2552",23.5
"2553",23.5
"2554",22.5
"2555",21.5
"2556",21
"2557",21.5
"2558",22
"2559",22.5
"2560",23
"2561",23
"2562",23.5
"2563",23.5
"2564",22.5
"2565",21.5
"2566",21.5
"2567",21.5
"2568",22
"2569",22.5
"2570",23
"2571",23
"2572",23.5
"2573",23.5
"2574",22.5
"2575",21.5
"2576",21.5
"2577",21.5
"2578",22
"2579",22.5
"2580",23
"2581",23
"2582",23.5
"2583",23.5
"2584",22.5
"2585",21.5
"2586",21
"2587",21.5
"2588",22
"2589",22.5
"2590",22.5
"2591",23
"2592",23.5
"2593",23.5
"2594",22.5
"2595",21.5
"2596",21.5
"2597",21.5
"2598",22
"2599",22.5
"2600",23
"2601",23
"2602",23.5
"2603",23.5
"2604",22.5
"2605",22
"2606",21.5
"2607",21.5
"2608",22
"2609",22.5
"2610",23
"2611",23
"2612",23.5
"2613",23.5
"2614",22.5
"2615",22
"2616",21
"2617",21.5
"2618",22
"2619",22.5
"2620",23
"2621",23
"2622",23.5
"2623",23.5
"2624",22.5
"2625",22
"2626",21
"2627",21.5
"2628",22
"2629",22.5
"2630",22.5
"2631",23
"2632",23.5
"2633",23.5
"2634",23.5
"2635",23.5
"2636",22.5
"2637",21.5
"2638",21
"2639",21.5
"2640",22
"2641",22.5
"2642",23
"2643",23
"2644",23.5
"2645",22.5
"2646",21.5
"2647",21
"2648",21.5
"2649",22
"2650",22.5
"2651",23
"2652",23
"2653",23.5
"2654",23.5
"2655",22.5
"2656",22
"2657",21
"2658",21.5
"2659",22
"2660",22.5
"2661",23
"2662",23
"2663",23.5
"2664",23.5
"2665",22.5
"2666",22
"2667",21
"2668",21.5
"2669",22
"2670",22.5
"2671",23
"2672",23
"2673",23.5
"2674",23.5
"2675",23
"2676",22
"2677",21
"2678",21.5
"2679",21.5
"2680",22
"2681",22.5
"2682",23
"2683",23.5
"2684",23.5
"2685",22.5
"2686",21.5
"2687",21.5
"2688",21.5
"2689",22
"2690",22.5
"2691",23
"2692",23
"2693",23.5
"2694",23.5
"2695",23
"2696",22
"2697",21
"2698",21.5
"2699",22
"2700",22.5
"2701",23
"2702",23
"2703",23.5
"2704",23.5
"2705",23
"2706",22
"2707",21
"2708",21
"2709",21.5
"2710",22
"2711",22.5
"2712",23
"2713",23
"2714",23.5
"2715",22.5
"2716",21.5
"2717",21
"2718",21.5
"2719",22
"2720",22.5
"2721",23
"2722",23
"2723",23.5
"2724",23.5
"2725",22.5
"2726",22
"2727",21
"2728",21.5
"2729",21.5
"2730",22
"2731",22.5
"2732",23
"2733",23.5
"2734",23.5
"2735",22.5
"2736",21.5
"2737",21
"2738",21.5
"2739",22
"2740",22.5
"2741",23
"2742",23
"2743",23.5
"2744",23.5
"2745",23
"2746",22
"2747",21.5
"2748",21.5
"2749",22
"2750",22.5
"2751",23
"2752",23
"2753",23.5
"2754",23.5
"2755",23
"2756",22.5
"2757",21.5
"2758",21.5
"2759",22
"2760",22
"2761",22.5
"2762",23
"2763",23.5
"2764",23.5
"2765",22.5
"2766",22
"2767",21.5
"2768",21.5
"2769",22
"2770",22.5
"2771",23
"2772",23
"2773",23.5
"2774",23.5
"2775",23
"2776",22
"2777",21.5
"2778",21.5
"2779",22
"2780",22.5
"2781",23
"2782",23
"2783",23.5
"2784",23.5
"2785",23
"2786",22
"2787",21.5
"2788",21.5
"2789",22
"2790",22.5
"2791",23
"2792",23
"2793",23.5
"2794",23
"2795",22
"2796",21.5
"2797",21.5
"2798",22
"2799",22.5
"2800",23
"2801",23.5
"2802",23.5
"2803",23
"2804",22
"2805",21.5
"2806",21.5
"2807",22
"2808",22.5
"2809",23
"2810",23
"2811",23.5
"2812",22.5
"2813",22
"2814",21
"2815",21.5
"2816",21.5
"2817",22
"2818",22.5
"2819",23
"2820",23.5
"2821",23.5
"2822",23
"2823",22
"2824",21
"2825",21.5
"2826",21.5
"2827",22
"2828",22.5
"2829",23
"2830",23.5
"2831",23.5
"2832",23
"2833",22
"2834",21
"2835",21.5
"2836",22
"2837",22.5
"2838",22.5
"2839",23
"2840",23.5
"2841",23.5
"2842",23
"2843",22
"2844",21.5
"2845",21.5
"2846",22
"2847",22.5
"2848",22.5
"2849",23
"2850",23.5
"2851",22.5
"2852",22
"2853",21
"2854",21.5
"2855",22
"2856",22.5
"2857",23
"2858",23
"2859",23.5
"2860",22.5
"2861",22
"2862",21.5
"2863",21.5
"2864",22
"2865",22.5
"2866",23
"2867",23
"2868",23.5
"2869",23
"2870",22
"2871",21
"2872",21
"2873",21.5
"2874",22
"2875",22.5
"2876",23
"2877",23.5
"2878",23.5
"2879",23.5
"2880",23.5
"2881",22.5
"2882",21.5
"2883",21.5
"2884",21.5
"2885",22
"2886",22.5
"2887",23
"2888",23.5
"2889",23.5
"2890",23
"2891",22
"2892",21.5
"2893",21.5
"2894",22
"2895",22.5
"2896",23
"2897",23
"2898",23.5
"2899",23
"2900",22
"2901",21
"2902",21.5
"2903",22
"2904",22.5
"2905",23
"2906",23
"2907",23.5
"2908",23
"2909",22
"2910",21.5
"2911",21.5
"2912",22
"2913",22.5
"2914",23
"2915",23
"2916",23.5
"2917",23
"2918",22
"2919",21.5
"2920",21.5
"2921",22
"2922",22.5
"2923",23
"2924",23
"2925",23.5
"2926",23
"2927",22
"2928",21.5
"2929",21.5
"2930",22
"2931",22.5
"2932",23
"2933",23
"2934",23.5
"2935",23
"2936",22
"2937",21.5
"2938",21.5
"2939",22
"2940",22.5
"2941",23
"2942",23
"2943",23.5
"2944",23
"2945",22
"2946",21
"2947",21.5
"2948",22
"2949",22.5
"2950",23
"2951",23
"2952",23.5
"2953",23
"2954",22
"2955",21
"2956",21.5
"2957",22
"2958",22.5
"2959",22.5
"2960",23
"2961",23.5
"2962",23.5
"2963",23
"2964",22
"2965",21.5
"2966",21.5
"2967",22
"2968",22.5
"2969",22.5
"2970",23
"2971",23.5
"2972",23.5
"2973",23.5
"2974",22.5
"2975",21.5
"2976",21
"2977",21.5
"2978",22
"2979",22.5
"2980",23
"2981",23.5
"2982",23.5
"2983",23
"2984",22
"2985",21.5
"2986",21.5
"2987",22
"2988",22.5
"2989",23
"2990",23
"2991",23.5
"2992",23
"2993",22
"2994",21.5
"2995",21.5
"2996",22
"2997",22.5
"2998",23
"2999",23
"3000",23.5
"3001",23
"3002",22
"3003",21.5
"3004",21.5
"3005",22
"3006",22.5
"3007",23
"3008",23
"3009",23.5
"3010",23
"3011",22
"3012",21.5
"3013",21.5
"3014",22
"3015",22.5
"3016",23
"3017",23
"3018",23.5
"3019",23
"3020",22
"3021",21.5
"3022",21.5
"3023",22
"3024",22.5
"3025",23
"3026",23
"3027",23.5
"3028",23
"3029",22
"3030",21.5
"3031",21.5
"3032",22
"3033",22.5
"3034",23
"3035",23.5
"3036",23.5
"3037",23
"3038",22
"3039",21.5
"3040",21.5
"3041",22
"3042",22.5
"3043",23
"3044",23
"3045",23.5
"3046",23
"3047",22
"3048",21.5
"3049",21.5
"3050",22
"3051",22.5
"3052",23
"3053",23
"3054",23.5
"3055",24
"3056",23.5
"3057",23
"3058",22
"3059",21
"3060",21.5
"3061",22
"3062",22.5
"3063",23
"3064",23
"3065",23.5
"3066",23
"3067",22
"3068",21.5
"3069",21.5
"3070",22
"3071",22.5
"3072",23
"3073",23
"3074",23.5
"3075",23
"3076",22
"3077",21.5
"3078",21.5
"3079",22
"3080",22.5
"3081",23
"3082",23
"3083",23.5
"3084",23
"3085",22
"3086",21.5
"3087",21.5
"3088",22
"3089",22.5
"3090",23
"3091",23
"3092",23.5
"3093",23
"3094",22
"3095",21.5
"3096",21.5
"3097",22
"3098",22.5
"3099",23
"3100",23
"3101",23.5
"3102",23
"3103",22
"3104",21.5
"3105",21.5
"3106",22
"3107",22.5
"3108",23
"3109",23
"3110",23.5
"3111",23
"3112",22
"3113",21.5
"3114",21.5
"3115",22
"3116",22.5
"3117",23
"3118",23
"3119",23.5
"3120",23
"3121",22
"3122",21.5
"3123",21.5
"3124",22
"3125",22.5
"3126",23
"3127",23
"3128",23.5
"3129",23
"3130",22
"3131",21.5
"3132",21.5
"3133",22
"3134",22.5
"3135",22.5
"3136",23
"3137",23.5
"3138",23
"3139",22
"3140",21.5
"3141",21.5
"3142",22
"3143",22.5
"3144",23
"3145",23
"3146",23.5
"3147",23
"3148",22
"3149",21.5
"3150",21.5
"3151",22
"3152",22.5
"3153",23
"3154",23
"3155",23.5
"3156",23
"3157",22
"3158",21.5
"3159",21.5
"3160",22
"3161",22.5
"3162",23
"3163",23
"3164",23.5
"3165",23
"3166",22
"3167",21.5
"3168",21
"3169",21.5
"3170",22
"3171",22.5
"3172",23
"3173",23.5
"3174",23.5
"3175",23
"3176",22
"3177",21.5
"3178",21
"3179",21.5
"3180",22
"3181",22.5
"3182",23
"3183",23.5
"3184",23.5
"3185",23
"3186",22
"3187",21.5
"3188",21.5
"3189",21.5
"3190",22
"3191",22.5
"3192",23
"3193",23.5
"3194",23
"3195",22
"3196",21.5
"3197",21.5
"3198",22
"3199",22.5
"3200",23
"3201",23
"3202",23.5
"3203",23
"3204",22.5
"3205",21.5
"3206",21.5
"3207",21.5
"3208",22
"3209",22.5
"3210",23
"3211",23.5
"3212",23.5
"3213",23
"3214",22.5
"3215",21.5
"3216",21
"3217",21.5
"3218",22
"3219",22.5
"3220",23
"3221",23
"3222",23.5
"3223",23
"3224",22
"3225",21.5
"3226",21.5
"3227",21.5
"3228",22
"3229",22.5
"3230",23
"3231",23.5
"3232",23
"3233",22
"3234",21.5
"3235",21.5
"3236",22
"3237",22
"3238",22.5
"3239",23
"3240",23.5
"3241",23
"3242",22
"3243",21.5
"3244",21.5
"3245",22
"3246",22
"3247",22.5
"3248",23
"3249",23.5
"3250",23
"3251",22
"3252",21.5
"3253",21.5
"3254",21.5
"3255",22
"3256",22.5
"3257",23
"3258",23.5
"3259",23.5
"3260",23.5
"3261",23
"3262",22
"3263",21.5
"3264",21.5
"3265",22
"3266",22.5
"3267",23
"3268",23
"3269",23.5
"3270",23
"3271",22.5
"3272",21.5
"3273",21
"3274",21.5
"3275",22
"3276",22.5
"3277",23
"3278",23
"3279",23.5
"3280",23.5
"3281",22.5
"3282",21.5
"3283",21.5
"3284",21.5
"3285",22
"3286",22.5
"3287",23
"3288",23.5
"3289",23
"3290",22
"3291",21.5
"3292",21.5
"3293",21.5
"3294",22
"3295",22.5
"3296",23
"3297",23.5
"3298",23
"3299",22
"3300",21.5
"3301",21
"3302",21.5
"3303",22
"3304",22.5
"3305",23
"3306",23.5
"3307",23
"3308",22
"3309",21.5
"3310",21
"3311",21.5
"3312",22
"3313",22.5
"3314",23
"3315",23
"3316",23.5
"3317",23.5
"3318",22.5
"3319",21.5
"3320",21.5
"3321",21.5
"3322",22
"3323",22.5
"3324",23
"3325",23.5
"3326",23.5
"3327",23.5
"3328",22.5
"3329",21.5
"3330",21.5
"3331",21.5
"3332",22
"3333",22.5
"3334",23
"3335",23.5
"3336",23.5
"3337",23.5
"3338",22.5
"3339",21.5
"3340",21
"3341",21.5
"3342",22
"3343",22.5
"3344",23
"3345",23
"3346",23.5
"3347",23.5
"3348",22.5
"3349",21.5
"3350",21
"3351",21.5
"3352",22
"3353",22.5
"3354",23
"3355",23
"3356",23.5
"3357",23
"3358",22.5
"3359",21.5
"3360",21.5
"3361",21.5
"3362",22
"3363",22.5
"3364",23
"3365",23.5
"3366",23
"3367",22.5
"3368",21.5
"3369",21.5
"3370",21.5
"3371",22
"3372",22.5
"3373",23
"3374",23.5
"3375",23
"3376",22.5
"3377",21.5
"3378",21
"3379",21.5
"3380",22
"3381",22.5
"3382",23
"3383",23.5
"3384",23
"3385",22
"3386",21.5
"3387",21.5
"3388",21.5
"3389",22
"3390",22.5
"3391",23
"3392",23.5
"3393",23
"3394",22.5
"3395",21.5
"3396",21.5
"3397",21.5
"3398",22
"3399",22.5
"3400",23
"3401",23.5
"3402",23
"3403",22.5
"3404",21.5
"3405",21.5
"3406",21.5
"3407",22
"3408",22.5
"3409",23
"3410",23.5
"3411",23.5
"3412",23.5
"3413",22.5
"3414",21.5
"3415",21
"3416",21.5
"3417",22
"3418",22.5
"3419",23
"3420",23
"3421",23.5
"3422",23.5
"3423",22.5
"3424",21.5
"3425",21.5
"3426",21.5
"3427",22
"3428",22.5
"3429",23
"3430",23.5
"3431",23
"3432",22.5
"3433",21.5
"3434",21.5
"3435",21.5
"3436",22
"3437",22.5
"3438",23
"3439",23.5
"3440",23
"3441",22.5
"3442",21.5
"3443",21
"3444",21.5
"3445",22
"3446",22.5
"3447",23
"3448",23
"3449",23.5
"3450",23.5
"3451",22.5
"3452",21.5
"3453",21.5
"3454",21.5
"3455",22
"3456",22.5
"3457",23
"3458",23
"3459",23.5
"3460",23.5
"3461",22.5
"3462",21.5
"3463",21
"3464",21.5
"3465",22
"3466",22.5
"3467",23
"3468",23
"3469",23.5
"3470",23.5
"3471",22.5
"3472",21.5
"3473",21
"3474",21.5
"3475",22
"3476",22.5
"3477",23
"3478",23
"3479",23.5
"3480",23.5
"3481",22.5
"3482",21.5
"3483",21.5
"3484",21.5
"3485",22
"3486",22.5
"3487",23
"3488",23
"3489",23.5
"3490",23.5
"3491",22.5
"3492",21.5
"3493",21.5
"3494",21.5
"3495",22
"3496",22.5
"3497",23
"3498",23.5
"3499",23
"3500",22.5
"3501",21.5
"3502",21
"3503",21.5
"3504",22
"3505",22.5
"3506",23
"3507",23.5
"3508",23.5
"3509",23.5
"3510",22.5
"3511",21.5
"3512",21.5
"3513",21.5
"3514",22
"3515",22.5
"3516",23
"3517",23
"3518",23.5
"3519",23.5
"3520",22.5
"3521",21.5
"3522",21.5
"3523",21.5
"3524",22
"3525",22.5
"3526",23
"3527",23
"3528",23
"3529",22.5
"3530",21.5
"3531",21
"3532",21.5
"3533",22
"3534",22.5
"3535",23
"3536",23
"3537",23.5
"3538",23.5
"3539",22.5
"3540",21.5
"3541",21.5
"3542",21.5
"3543",22
"3544",22.5
"3545",23
"3546",23
"3547",23.5
"3548",23.5
"3549",22.5
"3550",21.5
"3551",21
"3552",21.5
"3553",22
"3554",22.5
"3555",23
"3556",23
"3557",23.5
"3558",23.5
"3559",22.5
"3560",21.5
"3561",21.5
"3562",21.5
"3563",22
"3564",22.5
"3565",23
"3566",23
"3567",23.5
"3568",22.5
"3569",21.5
"3570",21
"3571",21.5
"3572",22
"3573",22.5
"3574",23
"3575",23
"3576",23.5
"3577",23.5
"3578",22.5
"3579",22
"3580",21.5
"3581",21.5
"3582",22
"3583",22.5
"3584",23
"3585",23
"3586",23.5
"3587",23.5
"3588",22.5
"3589",21.5
"3590",21.5
"3591",21.5
"3592",22
"3593",22.5
"3594",23
"3595",23
"3596",23.5
"3597",23.5
"3598",22.5
"3599",21.5
"3600",21
"3601",21.5
"3602",22
"3603",22.5
"3604",22.5
"3605",23
"3606",23.5
"3607",23.5
"3608",22.5
"3609",21.5
"3610",21.5
"3611",21.5
"3612",22
"3613",22.5
"3614",23
"3615",23
"3616",23
"3617",22.5
"3618",21.5
"3619",21.5
"3620",21.5
"3621",22
"3622",22.5
"3623",23
"3624",23.5
"3625",23.5
"3626",22.5
"3627",21.5
"3628",21
"3629",21.5
"3630",22
"3631",22.5
"3632",22.5
"3633",23
"3634",23.5
"3635",23.5
"3636",22.5
"3637",21.5
"3638",21
"3639",21.5
"3640",22
"3641",22.5
"3642",22.5
"3643",23
"3644",23.5
"3645",23.5
"3646",22.5
"3647",21.5
"3648",21
"3649",21.5
"3650",22
"3651",22.5
"3652",23
"3653",23
"3654",23.5
"3655",23.5
"3656",22.5
"3657",21.5
"3658",21.5
"3659",21.5
"3660",22
"3661",22.5
"3662",23
"3663",23
"3664",23.5
"3665",22.5
"3666",21.5
"3667",21
"3668",21.5
"3669",22
"3670",22.5
"3671",23
"3672",23
"3673",23.5
"3674",23.5
"3675",24
"3676",23.5
"3677",22
"3678",21.5
"3679",21
"3680",21.5
"3681",22
"3682",22.5
"3683",23
"3684",23
"3685",23.5
"3686",22.5
"3687",21.5
"3688",21
"3689",21.5
"3690",22
"3691",22.5
"3692",23
"3693",23
"3694",23.5
"3695",23.5
"3696",22.5
"3697",21.5
"3698",21
"3699",21.5
"3700",22
"3701",22.5
"3702",23
"3703",23
"3704",23.5
"3705",23.5
"3706",22.5
"3707",22
"3708",21.5
"3709",21.5
"3710",22
"3711",22.5
"3712",23
"3713",23
"3714",23.5
"3715",23.5
"3716",22.5
"3717",21.5
"3718",21
"3719",21.5
"3720",22
"3721",22.5
"3722",22.5
"3723",23
"3724",23.5
"3725",23.5
"3726",22.5
"3727",21.5
"3728",21
"3729",21.5
"3730",22
"3731",22
"3732",22.5
"3733",23
"3734",23.5
"3735",23.5
"3736",22.5
"3737",21.5
"3738",21
"3739",21.5
"3740",22
"3741",22.5
"3742",23
"3743",23
"3744",23.5
"3745",23.5
"3746",23
"3747",22
"3748",21
"3749",21.5
"3750",21.5
"3751",22
"3752",22.5
"3753",23
"3754",23.5
"3755",23.5
"3756",22.5
"3757",21.5
"3758",21.5
"3759",21.5
"3760",22
"3761",22.5
"3762",23
"3763",23
"3764",23.5
"3765",23.5
"3766",22.5
"3767",22
"3768",21
"3769",21.5
"3770",22
"3771",22.5
"3772",22.5
"3773",23
"3774",23.5
"3775",23.5
"3776",22.5
"3777",21.5
"3778",21
"3779",21.5
"3780",22
"3781",22.5
"3782",22.5
"3783",23
"3784",23.5
"3785",23.5
"3786",22.5
"3787",22
"3788",21
"3789",21.5
"3790",22
"3791",22.5
"3792",23
"3793",23
"3794",23.5
"3795",23.5
"3796",22.5
"3797",22
"3798",21.5
"3799",21.5
"3800",22
"3801",22.5
"3802",23
"3803",23
"3804",23.5
"3805",23.5
"3806",22.5
"3807",22
"3808",21
"3809",21.5
"3810",22
"3811",22.5
"3812",22.5
"3813",23
"3814",23.5
"3815",23.5
"3816",22.5
"3817",22
"3818",21
"3819",21.5
"3820",22
"3821",22.5
"3822",22.5
"3823",23
"3824",23.5
"3825",23.5
"3826",22.5
"3827",22
"3828",21.5
"3829",21.5
"3830",22
"3831",22.5
"3832",23
"3833",23
"3834",23.5
"3835",23.5
"3836",22.5
"3837",22
"3838",21
"3839",21.5
"3840",22
"3841",22.5
"3842",23
"3843",23
"3844",23.5
"3845",23.5
"3846",23
"3847",22
"3848",21
"3849",21.5
"3850",21.5
"3851",22
"3852",22.5
"3853",23
"3854",23.5
"3855",23.5
"3856",22.5
"3857",22
"3858",21.5
"3859",21.5
"3860",22
"3861",22.5
"3862",22.5
"3863",23
"3864",23.5
"3865",23.5
"3866",23
"3867",22
"3868",21
"3869",21.5
"3870",22
"3871",22.5
"3872",22.5
"3873",23
"3874",23.5
"3875",23.5
"3876",23
"3877",22
"3878",21.5
"3879",21.5
"3880",22
"3881",22.5
"3882",23
"3883",23
"3884",23.5
"3885",23.5
"3886",22.5
"3887",22
"3888",21.5
"3889",21.5
"3890",22
"3891",22.5
"3892",23
"3893",23
"3894",23.5
"3895",22.5
"3896",21.5
"3897",21
"3898",21.5
"3899",22
"3900",22.5
"3901",23
"3902",23
"3903",23.5
"3904",23.5
"3905",23
"3906",22
"3907",21.5
"3908",21.5
"3909",22
"3910",22.5
"3911",23
"3912",23
"3913",23.5
"3914",23.5
"3915",23
"3916",22
"3917",21
"3918",21
"3919",21.5
"3920",22
"3921",22.5
"3922",23
"3923",23
"3924",23.5
"3925",22.5
"3926",22
"3927",21.5
"3928",21.5
"3929",22
"3930",22.5
"3931",23
"3932",23
"3933",23.5
"3934",22.5
"3935",21.5
"3936",21
"3937",21.5
"3938",22
"3939",22.5
"3940",22.5
"3941",23
"3942",23.5
"3943",23.5
"3944",23
"3945",22
"3946",21
"3947",21.5
"3948",22
"3949",22.5
"3950",22.5
"3951",23
"3952",23.5
"3953",23.5
"3954",23
"3955",22
"3956",21
"3957",21.5
"3958",22
"3959",22.5
"3960",22.5
"3961",23
"3962",23.5
"3963",23.5
"3964",23
"3965",22
"3966",21
"3967",21.5
"3968",22
"3969",22.5
"3970",22.5
"3971",23
"3972",23.5
"3973",23.5
"3974",23
"3975",22
"3976",21.5
"3977",21.5
"3978",22
"3979",22.5
"3980",22.5
"3981",23
"3982",23.5
"3983",23.5
"3984",23
"3985",22
"3986",21.5
"3987",21.5
"3988",22
"3989",22.5
"3990",22.5
"3991",23
"3992",23.5
"3993",23.5
"3994",23
"3995",22
"3996",21.5
"3997",21.5
"3998",22
"3999",22.5
"4000",23
"4001",23
"4002",23.5
"4003",22.5
"4004",22
"4005",21.5
"4006",21.5
"4007",22
"4008",22.5
"4009",23
"4010",23
"4011",23.5
"4012",23.5
"4013",23
"4014",22
"4015",21
"4016",21
"4017",21.5
"4018",22
"4019",22.5
"4020",23
"4021",23.5
"4022",23.5
"4023",23
"4024",22
"4025",21
"4026",21
"4027",21.5
"4028",22
"4029",22.5
"4030",22.5
"4031",23
"4032",23.5
"4033",23.5
"4034",23
"4035",22
"4036",21.5
"4037",21.5
"4038",22
"4039",22.5
"4040",23
"4041",23
"4042",23.5
"4043",23.5
"4044",23
"4045",22
"4046",21.5
"4047",21.5
"4048",22
"4049",22
"4050",22.5
"4051",23
"4052",23.5
"4053",23.5
"4054",23
"4055",22
"4056",21
"4057",21.5
"4058",22
"4059",22.5
"4060",22.5
"4061",23
"4062",23.5
"4063",23.5
"4064",23
"4065",22
"4066",21.5
"4067",21.5
"4068",22
"4069",22.5
"4070",22.5
"4071",23
"4072",23.5
"4073",23.5
"4074",23
"4075",22
"4076",21.5
"4077",21.5
"4078",22
"4079",22.5
"4080",22.5
"4081",23
"4082",23.5
"4083",23.5
"4084",23
"4085",22
"4086",21.5
"4087",21.5
"4088",21.5
"4089",22
"4090",22.5
"4091",23
"4092",23
"4093",23.5
"4094",23
"4095",22
"4096",21
"4097",21.5
"4098",21.5
"4099",22
"4100",22.5
"4101",23
"4102",23.5
"4103",23.5
"4104",23
"4105",22
"4106",21
"4107",21
"4108",21.5
"4109",22
"4110",22.5
"4111",23
"4112",23
"4113",23.5
"4114",23
"4115",22
"4116",21.5
"4117",21.5
"4118",22
"4119",22.5
"4120",22.5
"4121",23
"4122",23.5
"4123",23.5
"4124",23
"4125",22
"4126",21
"4127",21.5
"4128",21.5
"4129",22
"4130",22.5
"4131",23
"4132",23.5
"4133",23.5
"4134",23
"4135",22
"4136",21.5
"4137",21.5
"4138",22
"4139",22.5
"4140",22.5
"4141",23
"4142",23.5
"4143",23
"4144",22
"4145",21.5
"4146",21.5
"4147",22
"4148",22.5
"4149",22.5
"4150",23
"4151",23.5
"4152",23
"4153",22
"4154",21
"4155",21.5
"4156",22
"4157",22.5
"4158",22.5
"4159",23
"4160",23.5
"4161",23.5
"4162",23
"4163",22
"4164",21.5
"4165",21.5
"4166",22
"4167",22.5
"4168",22.5
"4169",23
"4170",23.5
"4171",23.5
"4172",23
"4173",22
"4174",21.5
"4175",21.5
"4176",22
"4177",22.5
"4178",23
"4179",23
"4180",23.5
"4181",23
"4182",22
"4183",21.5
"4184",21.5
"4185",22
"4186",22.5
"4187",23
"4188",23
"4189",23.5
"4190",23
"4191",22
"4192",21.5
"4193",21.5
"4194",22
"4195",22.5
"4196",23
"4197",23
"4198",23.5
"4199",23
"4200",22
"4201",21.5
"4202",21.5
"4203",22
"4204",22.5
"4205",23
"4206",23.5
"4207",23.5
"4208",23.5
"4209",23.5
"4210",22.5
"4211",22
"4212",21.5
"4213",21.5
"4214",22
"4215",22.5
"4216",23
"4217",23
"4218",23.5
"4219",23
"4220",22
"4221",21.5
"4222",21.5
"4223",22
"4224",22.5
"4225",22.5
"4226",23
"4227",23.5
"4228",23.5
"4229",23
"4230",22
"4231",21.5
"4232",21.5
"4233",21.5
"4234",22
"4235",22.5
"4236",23
"4237",23.5
"4238",23.5
"4239",23
"4240",22
"4241",21.5
"4242",21
"4243",21.5
"4244",22
"4245",22.5
"4246",23
"4247",23.5
"4248",23.5
"4249",23.5
"4250",23.5
"4251",22.5
"4252",22
"4253",21
"4254",21.5
"4255",22
"4256",22.5
"4257",23
"4258",23
"4259",23.5
"4260",23
"4261",22
"4262",21.5
"4263",21.5
"4264",22
"4265",22.5
"4266",22.5
"4267",23
"4268",23.5
"4269",23
"4270",22
"4271",21.5
"4272",21.5
"4273",22
"4274",22
"4275",22.5
"4276",23
"4277",23.5
"4278",23
"4279",22
"4280",21
"4281",21
"4282",21.5
"4283",22
"4284",22.5
"4285",23
"4286",23
"4287",23.5
"4288",23
"4289",22
"4290",21.5
"4291",21.5
"4292",22
"4293",22
"4294",22.5
"4295",23
"4296",23.5
"4297",23.5
"4298",23
"4299",22.5
"4300",21.5
"4301",21
"4302",21.5
"4303",22
"4304",22.5
"4305",23
"4306",23.5
"4307",23.5
"4308",23
"4309",22
"4310",21.5
"4311",21.5
"4312",22
"4313",22
"4314",22.5
"4315",23
"4316",23.5
"4317",23
"4318",22
"4319",21.5
"4320",21.5
"4321",22
"4322",22.5
"4323",22.5
"4324",23
"4325",23.5
"4326",23
"4327",22
"4328",21.5
"4329",21.5
"4330",22
"4331",22.5
"4332",22.5
"4333",23
"4334",23.5
"4335",23
"4336",22
"4337",21.5
"4338",21.5
"4339",22
"4340",22.5
"4341",22.5
"4342",23
"4343",23.5
"4344",23
"4345",22
"4346",21.5
"4347",21.5
"4348",22
"4349",22.5
"4350",23
"4351",23
"4352",23.5
"4353",23
"4354",22
"4355",21.5
"4356",21.5
"4357",22
"4358",22.5
"4359",22.5
"4360",23
"4361",23.5
"4362",23
"4363",22
"4364",21.5
"4365",21.5
"4366",22
"4367",22.5
"4368",22.5
"4369",23
"4370",23.5
"4371",23
"4372",22
"4373",21.5
"4374",21.5
"4375",22
"4376",22.5
"4377",22.5
"4378",23
"4379",23.5
"4380",23
"4381",22
"4382",21.5
"4383",21.5
"4384",22
"4385",22.5
"4386",23
"4387",23
"4388",23.5
"4389",23
"4390",22
"4391",21.5
"4392",21.5
"4393",22
"4394",22.5
"4395",23
"4396",23
"4397",23.5
"4398",23
"4399",22
"4400",21.5
"4401",21.5
"4402",22
"4403",22.5
"4404",22.5
"4405",23
"4406",23.5
"4407",23
"4408",22.5
"4409",21.5
"4410",21
"4411",21.5
"4412",22
"4413",22.5
"4414",23
"4415",23
"4416",23.5
"4417",23
"4418",22.5
"4419",21.5
"4420",21
"4421",21.5
"4422",22
"4423",22.5
"4424",23
"4425",23.5
"4426",23
"4427",22
"4428",21.5
"4429",21.5
"4430",21.5
"4431",22
"4432",22.5
"4433",23
"4434",23.5
"4435",23
"4436",22
"4437",21.5
"4438",21.5
"4439",22
"4440",22.5
"4441",22.5
"4442",23
"4443",23.5
"4444",23
"4445",22.5
"4446",21.5
"4447",21.5
"4448",21.5
"4449",22
"4450",22.5
"4451",23
"4452",23.5
"4453",23
"4454",22
"4455",21.5
"4456",21.5
"4457",22
"4458",22
"4459",22.5
"4460",23
"4461",23.5
"4462",23
"4463",22
"4464",21.5
"4465",21.5
"4466",21.5
"4467",22
"4468",22.5
"4469",23
"4470",23.5
"4471",23
"4472",22
"4473",21.5
"4474",21.5
"4475",22
"4476",22.5
"4477",22.5
"4478",23
"4479",23.5
"4480",23
"4481",22.5
"4482",21.5
"4483",21.5
"4484",21.5
"4485",22
"4486",22.5
"4487",23
"4488",23.5
"4489",23
"4490",22
"4491",21.5
"4492",21.5
"4493",22
"4494",22.5
"4495",22.5
"4496",23
"4497",23.5
"4498",23
"4499",22.5
"4500",21.5
"4501",21.5
"4502",22
"4503",22.5
"4504",22.5
"4505",23
"4506",23.5
"4507",23.5
"4508",22.5
"4509",21.5
"4510",21.5
"4511",22
"4512",22
"4513",22.5
"4514",23
"4515",23.5
"4516",23.5
"4517",22.5
"4518",21.5
"4519",21.5
"4520",21.5
"4521",22
"4522",22.5
"4523",23
"4524",23.5
"4525",23.5
"4526",22.5
"4527",21.5
"4528",21.5
"4529",22
"4530",22.5
"4531",22.5
"4532",23
"4533",23.5
"4534",23.5
"4535",22.5
"4536",21.5
"4537",21.5
"4538",21.5
"4539",22.5
"4540",22.5
"4541",23
"4542",23.5
"4543",23.5
"4544",22.5
"4545",21.5
"4546",21.5
"4547",22
"4548",22.5
"4549",22.5
"4550",23
"4551",23.5
"4552",23.5
"4553",22.5
"4554",21.5
"4555",21.5
"4556",21.5
"4557",22
"4558",22.5
"4559",23
"4560",23.5
"4561",23
"4562",22.5
"4563",21.5
"4564",21
"4565",21.5
"4566",22
"4567",22.5
"4568",23
"4569",23
"4570",23.5
"4571",24
"4572",24
"4573",23
"4574",22
"4575",21.5
"4576",21.5
"4577",22
"4578",22.5
"4579",22.5
"4580",23
"4581",23.5
"4582",23.5
"4583",22.5
"4584",21.5
"4585",21
"4586",21.5
"4587",22
"4588",22.5
"4589",23
"4590",23.5
"4591",23
"4592",22.5
"4593",21.5
"4594",21.5
"4595",22
"4596",22.5
"4597",23
"4598",23
"4599",23.5
"4600",23.5
"4601",22.5
"4602",22
"4603",21.5
"4604",21.5
"4605",22
"4606",22.5
"4607",23
"4608",23.5
"4609",23
"4610",22.5
"4611",21.5
"4612",21
"4613",21.5
"4614",22
"4615",22.5
"4616",23
"4617",23.5
"4618",23.5
"4619",22.5
"4620",21.5
"4621",21
"4622",21
"4623",21.5
"4624",22
"4625",22.5
"4626",23
"4627",23.5
"4628",23.5
"4629",23.5
"4630",23
"4631",22
"4632",21.5
"4633",21.5
"4634",22
"4635",22.5
"4636",23
"4637",23
"4638",23.5
"4639",23.5
"4640",22.5
"4641",21.5
"4642",21.5
"4643",22
"4644",22.5
"4645",22.5
"4646",23
"4647",23.5
"4648",23.5
"4649",22.5
"4650",21.5
"4651",21.5
"4652",22
"4653",22.5
"4654",23
"4655",23
"4656",23.5
"4657",23.5
"4658",22.5
"4659",22
"4660",21.5
"4661",22
"4662",22.5
"4663",22.5
"4664",23
"4665",23.5
"4666",23.5
"4667",22.5
"4668",21.5
"4669",21
"4670",21.5
"4671",22
"4672",22.5
"4673",23
"4674",23.5
"4675",23.5
"4676",22.5
"4677",21.5
"4678",21.5
"4679",21.5
"4680",22
"4681",22.5
"4682",23
"4683",23.5
"4684",23.5
"4685",22.5
"4686",21.5
"4687",21.5
"4688",21.5
"4689",22
"4690",22.5
"4691",23
"4692",23.5
"4693",23.5
"4694",22.5
"4695",21.5
"4696",21
"4697",21.5
"4698",22
"4699",22.5
"4700",23
"4701",23
"4702",23.5
"4703",22.5
"4704",21.5
"4705",21.5
"4706",22
"4707",22
"4708",22.5
"4709",23
"4710",23.5
"4711",23.5
"4712",22.5
"4713",21.5
"4714",21.5
"4715",21.5
"4716",22
"4717",22.5
"4718",23
"4719",23.5
"4720",23.5
"4721",22.5
"4722",21.5
"4723",21
"4724",21.5
"4725",22
"4726",22.5
"4727",23
"4728",23
"4729",23.5
"4730",22.5
"4731",21.5
"4732",21.5
"4733",22
"4734",22
"4735",22.5
"4736",23
"4737",23.5
"4738",23.5
"4739",22.5
"4740",22
"4741",21.5
"4742",21.5
"4743",22
"4744",22.5
"4745",23
"4746",23.5
"4747",23.5
"4748",22.5
"4749",22
"4750",21.5
"4751",21.5
"4752",22
"4753",22.5
"4754",23
"4755",23.5
"4756",23.5
"4757",22.5
"4758",21.5
"4759",21
"4760",21.5
"4761",22
"4762",22.5
"4763",23
"4764",23
"4765",23.5
"4766",22.5
"4767",21.5
"4768",21.5
"4769",21.5
"4770",22
"4771",22.5
"4772",23
"4773",23.5
"4774",23.5
"4775",22.5
"4776",21.5
"4777",21
"4778",21.5
"4779",22
"4780",22.5
"4781",23
"4782",23
"4783",23.5
"4784",22.5
"4785",21.5
"4786",21
"4787",21.5
"4788",22
"4789",22.5
"4790",22.5
"4791",23
"4792",23.5
"4793",23.5
"4794",22.5
"4795",21.5
"4796",21
"4797",21.5
"4798",22
"4799",22.5
"4800",23
"4801",23
"4802",23.5
"4803",22.5
"4804",22
"4805",21
"4806",21.5
"4807",22
"4808",22.5
"4809",23
"4810",23
"4811",23.5
"4812",23.5
"4813",22.5
"4814",22
"4815",21.5
"4816",21.5
"4817",22
"4818",22.5
"4819",23
"4820",23
"4821",23.5
"4822",22.5
"4823",21.5
"4824",21
"4825",21.5
"4826",22
"4827",22.5
"4828",23
"4829",23
"4830",23.5
"4831",22.5
"4832",22
"4833",21
"4834",21.5
"4835",22
"4836",22.5
"4837",23
"4838",23.5
"4839",23.5
"4840",22.5
"4841",21.5
"4842",21
"4843",21.5
"4844",22
"4845",22.5
"4846",23
"4847",23
"4848",23.5
"4849",23.5
"4850",22.5
"4851",22
"4852",21.5
"4853",21.5
"4854",22
"4855",22.5
"4856",23
"4857",23
"4858",23.5
"4859",22.5
"4860",21.5
"4861",21.5
"4862",21.5
"4863",22
"4864",22.5
"4865",23
"4866",23
"4867",23.5
"4868",22.5
"4869",21.5
"4870",21.5
"4871",21.5
"4872",22
"4873",22.5
"4874",23
"4875",23
"4876",23.5
"4877",22.5
"4878",22
"4879",21.5
"4880",21.5
"4881",22
"4882",22.5
"4883",23
"4884",23
"4885",23.5
"4886",22.5
"4887",22
"4888",21.5
"4889",21.5
"4890",22
"4891",22.5
"4892",23
"4893",23.5
"4894",23.5
"4895",22.5
"4896",22
"4897",21.5
"4898",21.5
"4899",22
"4900",22.5
"4901",23
"4902",23.5
"4903",23.5
"4904",22.5
"4905",22
"4906",21.5
"4907",21.5
"4908",22
"4909",22.5
"4910",23
"4911",23.5
"4912",23.5
"4913",22.5
"4914",21.5
"4915",21
"4916",21.5
"4917",22
"4918",22.5
"4919",22.5
"4920",23
"4921",23.5
"4922",23.5
"4923",23
"4924",22
"4925",21
"4926",21.5
"4927",21.5
"4928",22
"4929",22.5
"4930",23
"4931",23.5
"4932",23.5
"4933",22.5
"4934",22
"4935",21
"4936",21.5
"4937",22
"4938",22
"4939",22.5
"4940",23
"4941",23.5
"4942",23.5
"4943",22.5
"4944",22
"4945",21.5
"4946",21.5
"4947",22
"4948",22.5
"4949",23
"4950",23
"4951",23.5
"4952",22.5
"4953",21.5
"4954",21
"4955",21.5
"4956",22
"4957",22.5
"4958",23
"4959",23
"4960",23.5
"4961",23.5
"4962",23
"4963",22
"4964",21.5
"4965",21.5
"4966",22
"4967",22.5
"4968",23
"4969",23
"4970",23.5
"4971",23.5
"4972",23
"4973",22
"4974",21
"4975",21.5
"4976",22
"4977",22.5
"4978",22.5
"4979",23
"4980",23.5
"4981",23.5
"4982",23
"4983",22
"4984",21.5
"4985",21.5
"4986",22
"4987",22.5
"4988",22.5
"4989",23
"4990",23.5
"4991",23.5
"4992",23
"4993",22
"4994",21
"4995",21.5
"4996",22
"4997",22.5
"4998",22.5
"4999",23
"5000",23.5
"5001",23.5
"5002",23
"5003",22
"5004",21
"5005",21.5
"5006",22
"5007",22.5
"5008",23
"5009",23
"5010",23.5
"5011",23.5
"5012",23
"5013",22
"5014",21.5
"5015",21.5
"5016",22
"5017",22.5
"5018",23
"5019",23
"5020",23.5
"5021",22.5
"5022",22
"5023",21.5
"5024",21.5
"5025",22
"5026",22.5
"5027",23
"5028",23
"5029",23.5
"5030",22.5
"5031",22
"5032",21
"5033",21.5
"5034",22
"5035",22.5
"5036",22.5
"5037",23
"5038",23.5
"5039",23.5
"5040",23
"5041",22
"5042",21.5
"5043",21.5
"5044",22
"5045",22.5
"5046",23
"5047",23
"5048",23.5
"5049",23.5
"5050",23
"5051",22
"5052",21.5
"5053",21.5
"5054",22
"5055",22.5
"5056",23
"5057",23
"5058",23.5
"5059",23
"5060",22
"5061",21.5
"5062",21.5
"5063",22
"5064",22.5
"5065",23
"5066",23
"5067",23.5
"5068",23
"5069",22
"5070",21
"5071",21.5
"5072",22
"5073",22.5
"5074",23
"5075",23
"5076",23.5
"5077",23.5
"5078",23
"5079",22
"5080",21
"5081",21.5
"5082",22
"5083",22.5
"5084",22.5
"5085",23
"5086",23.5
"5087",23.5
"5088",23
"5089",22
"5090",21.5
"5091",21.5
"5092",22
"5093",22.5
"5094",23
"5095",23
"5096",23.5
"5097",23.5
"5098",23
"5099",22
"5100",21.5
"5101",21.5
"5102",22
"5103",22.5
"5104",22.5
"5105",23
"5106",23.5
"5107",23.5
"5108",23
"5109",22
"5110",21.5
"5111",21.5
"5112",22
"5113",22.5
"5114",23
"5115",23
"5116",23.5
"5117",23.5
"5118",23
"5119",22
"5120",21.5
"5121",21.5
"5122",22
"5123",22.5
"5124",22.5
"5125",23
"5126",23.5
"5127",23.5
"5128",23
"5129",22
"5130",21.5
"5131",21.5
"5132",22
"5133",22.5
"5134",23
"5135",23
"5136",23.5
"5137",23.5
"5138",23.5
"5139",22.5
"5140",21.5
"5141",21.5
"5142",21.5
"5143",22
"5144",22.5
"5145",23
"5146",23.5
"5147",23.5
"5148",23
"5149",22
"5150",21.5
"5151",21.5
"5152",22
"5153",22.5
"5154",23
"5155",23
"5156",23.5
"5157",23
"5158",22
"5159",21
"5160",21.5
"5161",22
"5162",22.5
"5163",23
"5164",23
"5165",23.5
"5166",23
"5167",22
"5168",21.5
"5169",21.5
"5170",22
"5171",22.5
"5172",22.5
"5173",23
"5174",23.5
"5175",23.5
"5176",23
"5177",22
"5178",21.5
"5179",21.5
"5180",22
"5181",22.5
"5182",23
"5183",23
"5184",23.5
"5185",23
"5186",22
"5187",21.5
"5188",21.5
"5189",22
"5190",22.5
"5191",23
"5192",23
"5193",23.5
"5194",23
"5195",22
"5196",21.5
"5197",21.5
"5198",22
"5199",22.5
"5200",23
"5201",23
"5202",23.5
"5203",23.5
"5204",23
"5205",22
"5206",21.5
"5207",21.5
"5208",21.5
"5209",22
"5210",22.5
"5211",23
"5212",23
"5213",23.5
"5214",23
"5215",22
"5216",21
"5217",21.5
"5218",22
"5219",22
"5220",22.5
"5221",23
"5222",23.5
"5223",23.5
"5224",23
"5225",22
"5226",21
"5227",21.5
"5228",22
"5229",22.5
"5230",22.5
"5231",23
"5232",23.5
"5233",23.5
"5234",23
"5235",22
"5236",21.5
"5237",21.5
"5238",22
"5239",22.5
"5240",22.5
"5241",23
"5242",23.5
"5243",23.5
"5244",23
"5245",22
"5246",21.5
"5247",21
"5248",21.5
"5249",22
"5250",22.5
"5251",23
"5252",23
"5253",23.5
"5254",23
"5255",22
"5256",21
"5257",21.5
"5258",21.5
"5259",22
"5260",22.5
"5261",23
"5262",23
"5263",23.5
"5264",23
"5265",22
"5266",21.5
"5267",21.5
"5268",22
"5269",22.5
"5270",22.5
"5271",23
"5272",23.5
"5273",23.5
"5274",23
"5275",22
"5276",21
"5277",21.5
"5278",21.5
"5279",22.5
"5280",22.5
"5281",23
"5282",23
"5283",23.5
"5284",23
"5285",22
"5286",21.5
"5287",21.5
"5288",22
"5289",22
"5290",22.5
"5291",23
"5292",23.5
"5293",23.5
"5294",23
"5295",22
"5296",21.5
"5297",21.5
"5298",22
"5299",22.5
"5300",22.5
"5301",23
"5302",23.5
"5303",23.5
"5304",23
"5305",22
"5306",21.5
"5307",21.5
"5308",21.5
"5309",22
"5310",22.5
"5311",23
"5312",23.5
"5313",23.5
"5314",23
"5315",22
"5316",21
"5317",21.5
"5318",21.5
"5319",22
"5320",22.5
"5321",23
"5322",23.5
"5323",23.5
"5324",23
"5325",22
"5326",21.5
"5327",21
"5328",21.5
"5329",22
"5330",22.5
"5331",23
"5332",23
"5333",23.5
"5334",23
"5335",22
"5336",21.5
"5337",21.5
"5338",22
"5339",22
"5340",22.5
"5341",23
"5342",23.5
"5343",23.5
"5344",23.5
"5345",23.5
"5346",22.5
"5347",21.5
"5348",21
"5349",21.5
"5350",22
"5351",22.5
"5352",23
"5353",23
"5354",23.5
"5355",23
"5356",22
"5357",21.5
"5358",21.5
"5359",22
"5360",22.5
"5361",22.5
"5362",23
"5363",23.5
"5364",23.5
"5365",23
"5366",22
"5367",21.5
"5368",21.5
"5369",22
"5370",22
"5371",22.5
"5372",23
"5373",23.5
"5374",23.5
"5375",23
"5376",22
"5377",21.5
"5378",21.5
"5379",21.5
"5380",22
"5381",22.5
"5382",23
"5383",23
"5384",23.5
"5385",23
"5386",22
"5387",21.5
"5388",21.5
"5389",22
"5390",22.5
"5391",22.5
"5392",23
"5393",23.5
"5394",23.5
"5395",23
"5396",22
"5397",21.5
"5398",21.5
"5399",22
"5400",22
"5401",22.5
"5402",23
"5403",23.5
"5404",23.5
"5405",23
"5406",22
"5407",21.5
"5408",21.5
"5409",22
"5410",22.5
"5411",22.5
"5412",23
"5413",23.5
"5414",23.5
"5415",23
"5416",22
"5417",21.5
"5418",21.5
"5419",21.5
"5420",22
"5421",22.5
"5422",23
"5423",23
"5424",23.5
"5425",23
"5426",22
"5427",21.5
"5428",21
"5429",21.5
"5430",22
"5431",22.5
"5432",23
"5433",23
"5434",23.5
"5435",23.5
"5436",23.5
"5437",22.5
"5438",22
"5439",21.5
"5440",21.5
"5441",22
"5442",22.5
"5443",23
"5444",23
"5445",23.5
"5446",23
"5447",22
"5448",21.5
"5449",21.5
"5450",21.5
"5451",22
"5452",22.5
"5453",23
"5454",23.5
"5455",23.5
"5456",23
"5457",22
"5458",21.5
"5459",21.5
"5460",22
"5461",22
"5462",22.5
"5463",23
"5464",23.5
"5465",23.5
"5466",23.5
"5467",22.5
"5468",21.5
"5469",21
"5470",21.5
"5471",22
"5472",22.5
"5473",23
"5474",23.5
"5475",23.5
"5476",23.5
"5477",22.5
"5478",21.5
"5479",21.5
"5480",21.5
"5481",22
"5482",22.5
"5483",23
"5484",23.5
"5485",23.5
"5486",23
"5487",22.5
"5488",21.5
"5489",21
"5490",21.5
"5491",22
